"X2","X1","Label.x","Label.y","BranchLength","N_terminal_extension","C_terminal_extension","GEEDIP","GEDDIP","GDDDIP","GEDDYS","GDEDIP"
1,519,"Node1","wxpgPcOUjC|Opisthocomus_hoazin|DLG3",2.8333884066,FALSE,TRUE,FALSE,FALSE,FALSE,TRUE,FALSE
2,542,"Node24","ATIyLSUpGC|Knipowitschia_caucasica|DLG4",0.0159886886,FALSE,TRUE,FALSE,FALSE,FALSE,FALSE,FALSE
3,542,"Node24","qWSYzNqoeG|Dissostichus_eleginoides|DLG4",0.0495970443,FALSE,TRUE,FALSE,FALSE,FALSE,FALSE,FALSE
4,543,"Node25","DMOZtPBOFD|Syngnathus_acus|DLG4",2.4902e-06,FALSE,TRUE,FALSE,FALSE,FALSE,FALSE,FALSE
5,543,"Node25","NNhNTPUIJb|Dunckerocampus_dactyliophorus|DLG4",2.4805e-06,FALSE,TRUE,FALSE,FALSE,FALSE,FALSE,FALSE
6,540,"Node22","OaJHCZEcCC|Merluccius_polli|DLG4",2.6303e-06,FALSE,TRUE,FALSE,FALSE,FALSE,TRUE,FALSE
7,539,"Node21","ZYyJtqYDsM|Myripristis_murdjan|DLG4",1.8038e-06,FALSE,TRUE,FALSE,FALSE,FALSE,TRUE,FALSE
8,547,"Node29","FtXgnTzkXr|Channa_argus|DLG4",1.8038e-06,FALSE,TRUE,FALSE,FALSE,FALSE,TRUE,FALSE
9,548,"Node30","TsBPAaRHTZ|Takifugu_rubripes|DLG4",1.8038e-06,FALSE,TRUE,FALSE,FALSE,FALSE,FALSE,FALSE
10,548,"Node30","RrPHhrAYRE|Thalassophryne_amazonica|DLG4",0.0527969964,FALSE,TRUE,FALSE,FALSE,FALSE,FALSE,FALSE
11,550,"Node32","JyipaytGkI|Scomber_japonicus|DLG4",0.0025394501,FALSE,TRUE,FALSE,FALSE,FALSE,FALSE,FALSE
12,550,"Node32","OSyBwDZAjG|Anoplopoma_fimbria|DLG4",0.0517010751,FALSE,TRUE,FALSE,FALSE,FALSE,FALSE,FALSE
13,549,"Node31","DtOoZwdPCT|Oreochromis_aureus|DLG4",0.1114346909,FALSE,TRUE,FALSE,FALSE,FALSE,FALSE,FALSE
14,545,"Node27","jJItEXwBHd|Chelmon_rostratus|DLG4",0.0537108591,FALSE,TRUE,FALSE,FALSE,FALSE,TRUE,FALSE
15,544,"Node26","CHKBYdPRwq|Parambassis_ranga|DLG4",0.107340978,FALSE,TRUE,FALSE,FALSE,FALSE,TRUE,FALSE
16,537,"Node19","YehluKeusf|Lampris_incognitus|DLG4",0.1606180312,FALSE,TRUE,FALSE,FALSE,FALSE,TRUE,FALSE
17,564,"Node46","UJEynJcrIe|Taeniopygia_guttata|DLG4",0.2116481081,FALSE,FALSE,FALSE,FALSE,FALSE,FALSE,FALSE
18,564,"Node46","lgrEScwmtT|Grus_japonensis|DLG4",0.425436156,FALSE,FALSE,FALSE,FALSE,FALSE,FALSE,FALSE
19,563,"Node45","SMQSLmYGvr|Colius_striatus|DLG4",0.0763987037,FALSE,TRUE,FALSE,FALSE,FALSE,FALSE,FALSE
20,562,"Node44","ZwBokuCNEl|Alligator_sinensis|DLG4",0.0539518437,TRUE,TRUE,TRUE,FALSE,FALSE,FALSE,FALSE
21,566,"Node48","bdXPElhyEw|Bufo_bufo|DLG4",0.1046788765,TRUE,TRUE,TRUE,FALSE,FALSE,FALSE,FALSE
22,567,"Node49","vwnPPqExdF|Emydura_macquarii_macquarii|DLG4",0.0576881873,TRUE,TRUE,TRUE,FALSE,FALSE,FALSE,FALSE
23,567,"Node49","gaftYdbqgc|Crotalus_adamanteus|DLG4",0.0540640721,TRUE,TRUE,TRUE,FALSE,FALSE,FALSE,FALSE
24,570,"Node52","POaRkErZXp|Nyctereutes_procyonoides|DLG4",0.1533192208,TRUE,TRUE,TRUE,FALSE,FALSE,FALSE,FALSE
25,574,"Node56","yYnNgIwpxV|Homo_sapiens|DLG4",0.4746002237,TRUE,TRUE,TRUE,FALSE,FALSE,FALSE,FALSE
26,574,"Node56","DzJdmoZRtd|Camelus_ferus|DLG4",0.3230278586,TRUE,TRUE,TRUE,FALSE,FALSE,FALSE,FALSE
27,576,"Node58","MGpJOrxbaS|Tupaia_chinensis|DLG4",0.1297866146,TRUE,TRUE,TRUE,FALSE,FALSE,FALSE,FALSE
28,576,"Node58","eZZtFoFMZb|Camelus_dromedarius|DLG4",0.0638032005,TRUE,TRUE,TRUE,FALSE,FALSE,FALSE,FALSE
29,575,"Node57","XYFhGiqDvm|Myotis_brandtii|DLG4",0.1054340651,TRUE,TRUE,TRUE,FALSE,FALSE,FALSE,FALSE
30,572,"Node54","arJJVMDWNN|Myotis_davidii|DLG4",0.2578621465,TRUE,TRUE,TRUE,FALSE,FALSE,FALSE,FALSE
31,571,"Node53","cTayxzLnHn|Elephas_maximus_indicus|DLG4",2.1046e-06,TRUE,TRUE,TRUE,FALSE,FALSE,FALSE,FALSE
32,569,"Node51","UfgHbtyKpP|Talpa_occidentalis|DLG4",0.050278029,TRUE,TRUE,TRUE,FALSE,FALSE,FALSE,FALSE
33,577,"Node59","VDHLTSEXkO|Ornithorhynchus_anatinus|DLG4",2.5242e-06,TRUE,TRUE,TRUE,FALSE,FALSE,FALSE,FALSE
34,577,"Node59","YmwkcOhmSa|Sarcophilus_harrisii|DLG4",2.0677e-06,TRUE,TRUE,TRUE,FALSE,FALSE,FALSE,FALSE
35,560,"Node42","eKYVGrybTo|Latimeria_chalumnae|DLG4",2.1153e-06,FALSE,TRUE,FALSE,TRUE,FALSE,FALSE,FALSE
36,578,"Node60","zKDfZwBznz|Protopterus_annectens|DLG4",0.1032795043,FALSE,TRUE,FALSE,TRUE,FALSE,FALSE,FALSE
37,578,"Node60","rsDzkFlvZI|Dasyatis_sabina|DLG4",0.0514133126,FALSE,TRUE,FALSE,TRUE,FALSE,FALSE,FALSE
38,558,"Node40","VwJMuQaGWT|Huso_huso|DLG4",0.0516665271,FALSE,TRUE,FALSE,TRUE,FALSE,FALSE,FALSE
39,557,"Node39","TgdaCkgyAq|Erpetoichthys_calabaricus|DLG4",2.1117e-06,FALSE,TRUE,FALSE,FALSE,TRUE,FALSE,FALSE
40,580,"Node62","jTFlnYMdbI|Danio_rerio|DLG4",0.0515543433,FALSE,TRUE,FALSE,FALSE,TRUE,FALSE,FALSE
41,583,"Node65","FxDYAPdDXa|Misgurnus_anguillicaudatus|DLG4",2.2283e-06,FALSE,TRUE,FALSE,FALSE,FALSE,FALSE,TRUE
42,583,"Node65","emJXgvMuTk|Cirrhinus_molitorella|DLG4",1.804e-06,FALSE,TRUE,FALSE,FALSE,FALSE,FALSE,TRUE
43,582,"Node64","oElphthWby|Sinocyclocheilus_rhinocerous|DLG4",1.804e-06,FALSE,TRUE,FALSE,FALSE,FALSE,FALSE,TRUE
44,581,"Node63","FCIKMtampn|Triplophysa_dalaica|DLG4",2.2284e-06,FALSE,TRUE,FALSE,FALSE,FALSE,FALSE,TRUE
45,584,"Node66","DmvRPmyrjb|Brienomyrus_brachyistius|DLG4",1.804e-06,FALSE,TRUE,FALSE,FALSE,FALSE,FALSE,FALSE
46,586,"Node68","uYtSUUrMrW|Colossoma_macropomum|DLG4",0.051478665,FALSE,TRUE,FALSE,FALSE,FALSE,FALSE,FALSE
47,586,"Node68","wpYlWBIOgr|Danio_rerio|DLG4",0.3119076512,FALSE,TRUE,FALSE,FALSE,FALSE,FALSE,FALSE
48,587,"Node69","dqvACwIUhh|Triplophysa_rosa|DLG4",0.1612950207,FALSE,TRUE,FALSE,FALSE,FALSE,FALSE,FALSE
49,587,"Node69","PbfVuzsivo|Cirrhinus_molitorella|DLG4",0.0959159951,FALSE,TRUE,FALSE,FALSE,FALSE,FALSE,FALSE
50,588,"Node70","bjluuomleh|Anguilla_anguilla|DLG4",0.0453688446,FALSE,TRUE,FALSE,FALSE,TRUE,FALSE,FALSE
51,589,"Node71","ibmMQbTqbY|Silurus_meridionalis|DLG4",0.0921364102,FALSE,TRUE,FALSE,FALSE,FALSE,FALSE,TRUE
52,589,"Node71","XCxOfwWylE|Colossoma_macropomum|DLG4",2.0379e-06,FALSE,TRUE,FALSE,FALSE,FALSE,FALSE,TRUE
53,590,"Node72","yMVQXZnEPt|Scleropages_formosus|DLG4",0.0947385964,FALSE,TRUE,FALSE,FALSE,FALSE,FALSE,FALSE
54,590,"Node72","MupiegGBFS|Silurus_meridionalis|DLG4",0.1012655001,FALSE,TRUE,FALSE,FALSE,FALSE,FALSE,FALSE
55,594,"Node76","zIIniOZwlf|Chanos_chanos|DLG4",0.0462458014,FALSE,TRUE,FALSE,FALSE,FALSE,FALSE,FALSE
56,594,"Node76","xidTrxrube|Oncorhynchus_nerka|DLG4",2.5932e-06,FALSE,TRUE,FALSE,FALSE,FALSE,FALSE,FALSE
57,600,"Node82","GHQqpAYAaj|Lampris_incognitus|DLG4",2.5744e-06,FALSE,TRUE,FALSE,FALSE,FALSE,FALSE,FALSE
58,600,"Node82","HsQvCcbQwc|Lota_lota|DLG4",0.1530536904,FALSE,TRUE,FALSE,FALSE,FALSE,FALSE,FALSE
59,599,"Node81","zwuThdrTwx|Myripristis_murdjan|DLG4",0.1677944612,FALSE,TRUE,FALSE,FALSE,FALSE,FALSE,TRUE
60,598,"Node80","HEZqavsSYv|Notolabrus_celidotus|DLG4",0.1624509947,FALSE,TRUE,FALSE,FALSE,TRUE,FALSE,FALSE
61,597,"Node79","qwTPQnYlpN|Thalassophryne_amazonica|DLG4",0.055514483,FALSE,TRUE,FALSE,FALSE,TRUE,FALSE,FALSE
62,605,"Node87","nNopWkbhCi|Hippocampus_zosterae|DLG4",0.4921494258,FALSE,TRUE,FALSE,FALSE,TRUE,FALSE,FALSE
63,606,"Node88","nWnLVxNbcT|Knipowitschia_caucasica|DLG4",0.1094367974,FALSE,TRUE,FALSE,FALSE,TRUE,FALSE,FALSE
64,606,"Node88","tJQZKgeCAn|Gouania_willdenowi|DLG4",0.1028809677,FALSE,TRUE,FALSE,FALSE,TRUE,FALSE,FALSE
65,604,"Node86","PNeeZkJVWm|Pleuronectes_platessa|DLG4",0.0572518627,FALSE,TRUE,FALSE,FALSE,TRUE,FALSE,FALSE
66,603,"Node85","uODjgcNrki|Anoplopoma_fimbria|DLG4",0.0506125001,FALSE,TRUE,FALSE,FALSE,TRUE,FALSE,FALSE
67,602,"Node84","ccvHonAMtJ|Scomber_japonicus|DLG4",0.0512444317,FALSE,TRUE,FALSE,FALSE,TRUE,FALSE,FALSE
68,601,"Node83","lpWqpKJNnE|Lucifuga_dentata|DLG4",0.2062434636,FALSE,TRUE,FALSE,FALSE,TRUE,FALSE,FALSE
69,595,"Node77","dqtWmxEBVE|Girardinichthys_multiradiatus|DLG4",0.0484945197,FALSE,TRUE,FALSE,FALSE,TRUE,FALSE,FALSE
70,592,"Node74","SFWsygFkJg|Chanos_chanos|DLG4",0.0985536784,FALSE,TRUE,FALSE,FALSE,TRUE,FALSE,FALSE
71,591,"Node73","tIlDRGLoOe|Conger_conger|DLG4",1.804e-06,FALSE,TRUE,FALSE,FALSE,TRUE,FALSE,FALSE
72,607,"Node89","JNydEWruWL|Engraulis_encrasicolus|DLG4",2.4151e-06,FALSE,TRUE,FALSE,TRUE,FALSE,FALSE,FALSE
73,607,"Node89","dmfPAljSFL|Engraulis_encrasicolus|DLG4",0.0506891162,FALSE,TRUE,FALSE,TRUE,FALSE,FALSE,FALSE
74,551,"Node33","VAQUhrbpaE|Oncorhynchus_masou_masou|DLG4",2.7222e-06,FALSE,TRUE,FALSE,TRUE,FALSE,FALSE,FALSE
75,609,"Node91","lMXeLjSEcW|Bombina_bombina|DLG1",0.0510041995,FALSE,TRUE,FALSE,FALSE,FALSE,FALSE,FALSE
76,609,"Node91","LhGDGTxdXr|Xenopus_tropicalis|DLG1",2.2999e-06,FALSE,TRUE,FALSE,FALSE,FALSE,FALSE,FALSE
77,622,"Node104","DRysfEtJKH|Ahaetulla_prasina|DLG1",1.8038e-06,FALSE,TRUE,FALSE,FALSE,FALSE,FALSE,FALSE
78,622,"Node104","FrJvqNYfvH|Hemicordylus_capensis|DLG1",2.2281e-06,FALSE,TRUE,FALSE,FALSE,FALSE,FALSE,FALSE
79,621,"Node103","urwitlxyve|Heteronotia_binoei|DLG1",1.8038e-06,FALSE,TRUE,FALSE,FALSE,FALSE,FALSE,FALSE
80,620,"Node102","avEANcNGud|Turnix_velox|DLG1",1.804e-06,FALSE,TRUE,FALSE,FALSE,FALSE,FALSE,FALSE
81,619,"Node101","MDAgWbSFfU|Platysternon_megacephalum|DLG1",1.804e-06,FALSE,TRUE,FALSE,FALSE,FALSE,FALSE,FALSE
82,618,"Node100","HzCJGEEdSt|Scytalopus_superciliaris|DLG1",1.8038e-06,FALSE,TRUE,FALSE,FALSE,FALSE,FALSE,FALSE
83,624,"Node106","RoWBjYGQqH|Pterocnemia_pennata|DLG1",1.8038e-06,FALSE,TRUE,FALSE,FALSE,FALSE,FALSE,FALSE
84,624,"Node106","EVEWkJBwug|Opisthocomus_hoazin|DLG1",1.804e-06,FALSE,TRUE,FALSE,FALSE,FALSE,FALSE,FALSE
85,625,"Node107","KcjnRwZeiV|Grus_japonensis|DLG1",1.804e-06,FALSE,TRUE,FALSE,FALSE,FALSE,FALSE,FALSE
86,625,"Node107","jxPTypbXiB|Falco_rusticolus|DLG1",1.804e-06,FALSE,TRUE,FALSE,FALSE,FALSE,FALSE,FALSE
87,616,"Node98","RTpoUOeCur|Ardeotis_kori|DLG1",1.804e-06,FALSE,TRUE,FALSE,FALSE,FALSE,FALSE,FALSE
88,626,"Node108","gZNmAXEfGy|Regulus_satrapa|DLG1",2.1917e-06,FALSE,TRUE,FALSE,FALSE,FALSE,FALSE,FALSE
89,626,"Node108","jiQhlhpUEz|Strigops_habroptila|DLG1",0.0505994816,FALSE,TRUE,FALSE,FALSE,FALSE,FALSE,FALSE
90,629,"Node111","eEsslnGBXx|Nyctibius_grandis|DLG1",2.6061e-06,FALSE,TRUE,FALSE,FALSE,FALSE,FALSE,FALSE
91,629,"Node111","vVRPdUfUjc|Bucco_capensis|DLG1",1.804e-06,FALSE,TRUE,FALSE,FALSE,FALSE,FALSE,FALSE
92,628,"Node110","XRhVVBRcmr|Haliaeetus_albicilla|DLG1",1.804e-06,FALSE,TRUE,FALSE,FALSE,FALSE,FALSE,FALSE
93,627,"Node109","prpOAZJHpX|Chunga_burmeisteri|DLG1",0.0510268311,FALSE,TRUE,FALSE,FALSE,FALSE,FALSE,FALSE
94,630,"Node112","dKCxNDFKab|Rhinatrema_bivittatum|DLG1",2.5051e-06,FALSE,TRUE,FALSE,FALSE,FALSE,FALSE,FALSE
95,631,"Node113","ufdHnHymaz|Scyliorhinus_canicula|DLG1",0.0510594988,FALSE,TRUE,FALSE,FALSE,FALSE,FALSE,FALSE
96,631,"Node113","ImcptWILpN|Chiloscyllium_plagiosum|DLG1",0.1031325514,FALSE,TRUE,FALSE,FALSE,FALSE,FALSE,FALSE
97,635,"Node117","MPYjwvQMfM|Mus_musculus|DLG1",0.2387949823,FALSE,TRUE,FALSE,FALSE,FALSE,FALSE,FALSE
98,636,"Node118","CpQlqtBcsk|Homo_sapiens|DLG1",2.2515e-06,FALSE,TRUE,FALSE,FALSE,FALSE,FALSE,FALSE
99,636,"Node118","DGItIHagKk|Orycteropus_afer_afer|DLG1",2.7494e-06,FALSE,TRUE,FALSE,FALSE,FALSE,FALSE,FALSE
100,637,"Node119","OiXIyQjwqQ|Manis_javanica|DLG1",0.0523051238,FALSE,TRUE,FALSE,FALSE,FALSE,FALSE,FALSE
101,638,"Node120","AXfAzklbRJ|Leptonychotes_weddellii|DLG1",0.2351664694,FALSE,TRUE,FALSE,FALSE,FALSE,FALSE,FALSE
102,640,"Node122","QNjBfQjfdx|Sorex_fumeus|DLG1",0.0509851341,FALSE,TRUE,FALSE,FALSE,FALSE,FALSE,FALSE
103,640,"Node122","szdFALdDbD|Molossus_molossus|DLG1",0.0547672472,FALSE,TRUE,FALSE,FALSE,FALSE,FALSE,FALSE
104,639,"Node121","rLcrlXgNOo|Budorcas_taxicolor|DLG1",0.0514835581,FALSE,TRUE,FALSE,FALSE,FALSE,FALSE,FALSE
105,633,"Node115","RHSbCsxJiC|Sarcophilus_harrisii|DLG1",0.3030212274,FALSE,TRUE,FALSE,FALSE,FALSE,FALSE,FALSE
106,632,"Node114","hclrUXmlbZ|Tachyglossus_aculeatus|DLG1",2.0134e-06,FALSE,TRUE,FALSE,FALSE,FALSE,FALSE,FALSE
107,642,"Node124","TlKLNTLWlc|Scleropages_formosus|DLG1",0.1015435001,FALSE,TRUE,FALSE,FALSE,FALSE,FALSE,FALSE
108,642,"Node124","jAXryjWBUb|Latimeria_chalumnae|DLG1",0.2050644351,FALSE,TRUE,FALSE,FALSE,FALSE,FALSE,FALSE
109,641,"Node123","BXWQziueGi|Chanos_chanos|DLG1",0.1537417609,FALSE,TRUE,FALSE,FALSE,FALSE,FALSE,FALSE
110,646,"Node128","ZzhKQBWxMb|Electrophorus_electricus|DLG1",2.1783e-06,FALSE,TRUE,FALSE,FALSE,FALSE,FALSE,FALSE
111,647,"Node129","qgEOVPJkqO|Megalops_atlanticus|DLG1",0.1132419017,FALSE,TRUE,FALSE,FALSE,FALSE,FALSE,FALSE
112,647,"Node129","mChoSeLkhf|Megalops_cyprinoides|DLG1",2.3274e-06,FALSE,TRUE,FALSE,FALSE,FALSE,FALSE,FALSE
113,651,"Node133","orIvKpERZc|Erpetoichthys_calabaricus|DLG1",1.804e-06,FALSE,TRUE,FALSE,FALSE,FALSE,FALSE,FALSE
114,651,"Node133","fuyKkWPIeb|Polyodon_spathula|DLG1",1.804e-06,FALSE,TRUE,FALSE,FALSE,FALSE,FALSE,FALSE
115,650,"Node132","qrGatzLnau|Acipenser_ruthenus|DLG1",0.0511363894,FALSE,TRUE,FALSE,FALSE,FALSE,FALSE,FALSE
116,652,"Node134","nwGaltTqMQ|Pangasianodon_hypophthalmus|DLG1",2.3341e-06,FALSE,TRUE,FALSE,FALSE,FALSE,FALSE,FALSE
117,653,"Node135","YhJGAHRZgO|Pygocentrus_nattereri|DLG1",2.2719e-06,FALSE,TRUE,FALSE,FALSE,FALSE,FALSE,FALSE
118,653,"Node135","vmyybGnbAn|Amia_calva|DLG1",0.0520681064,FALSE,TRUE,FALSE,FALSE,FALSE,FALSE,FALSE
119,648,"Node130","pirDWPkkQP|Hoplias_malabaricus|DLG1",0.0523187765,FALSE,TRUE,FALSE,FALSE,FALSE,FALSE,FALSE
120,654,"Node136","BLlVfjgSKT|Triplophysa_rosa|DLG1",0.1040658882,FALSE,TRUE,FALSE,FALSE,FALSE,FALSE,FALSE
121,655,"Node137","QoMUULlovC|Danio_rerio|DLG1",0.1036253462,FALSE,TRUE,FALSE,FALSE,FALSE,FALSE,FALSE
122,655,"Node137","MDijUUEUUP|Danio_rerio|DLG1",1.804e-06,FALSE,TRUE,FALSE,FALSE,FALSE,FALSE,FALSE
123,657,"Node139","psKlsTHsIJ|Oncorhynchus_gorbuscha|DLG1",0.1428850228,FALSE,TRUE,FALSE,FALSE,FALSE,FALSE,FALSE
124,657,"Node139","zzquPKUoBl|Coregonus_clupeaformis|DLG1",0.0678500438,FALSE,TRUE,FALSE,FALSE,FALSE,FALSE,FALSE
125,656,"Node138","VJsCRrmMWC|Denticeps_clupeoides|DLG1",0.0695514761,FALSE,TRUE,FALSE,FALSE,FALSE,FALSE,FALSE
126,661,"Node143","jlkbFDUZMR|Protopterus_annectens|DLG2",2.5058e-06,FALSE,FALSE,FALSE,FALSE,FALSE,FALSE,FALSE
127,672,"Node154","LSzAfxTNyl|Denticeps_clupeoides|DLG3",2.4258e-06,FALSE,TRUE,FALSE,FALSE,FALSE,FALSE,FALSE
128,676,"Node158","MQZwwVnzII|Amia_calva|DLG3",0.1209588277,FALSE,TRUE,FALSE,FALSE,FALSE,FALSE,FALSE
129,677,"Node159","iLnRDSNSeB|Scleropages_formosus|DLG3",0.1264304674,FALSE,TRUE,FALSE,FALSE,FALSE,FALSE,FALSE
130,678,"Node160","ayKlbSaEFf|Polyodon_spathula|DLG3",0.2066647453,FALSE,TRUE,FALSE,FALSE,FALSE,FALSE,FALSE
131,678,"Node160","wrVXCibhsq|Polyodon_spathula|DLG3",2.2051e-06,FALSE,TRUE,FALSE,FALSE,FALSE,FALSE,FALSE
132,687,"Node169","GXrYMNKaeB|Trichomycterus_rosablanca|DLG3",0.1572958051,FALSE,FALSE,FALSE,FALSE,FALSE,FALSE,FALSE
133,687,"Node169","szhaljnMqO|Pangasianodon_hypophthalmus|DLG3",0.0924524996,FALSE,FALSE,FALSE,FALSE,FALSE,FALSE,FALSE
134,686,"Node168","jaBMgTzLTr|Tachysurus_fulvidraco|DLG3",0.0492549565,FALSE,FALSE,FALSE,FALSE,FALSE,FALSE,FALSE
135,685,"Node167","qPgUfcqHmy|Electrophorus_electricus|DLG3",2.6057e-06,FALSE,FALSE,FALSE,FALSE,FALSE,FALSE,FALSE
136,684,"Node166","xkuHfpmvzV|Hoplias_malabaricus|DLG3",0.04923655,FALSE,TRUE,FALSE,FALSE,FALSE,FALSE,FALSE
137,694,"Node176","AMgeIxjjMD|Denticeps_clupeoides|DLG3",0.0502878252,FALSE,FALSE,FALSE,FALSE,FALSE,FALSE,FALSE
138,694,"Node176","ThwVFIekAk|Engraulis_encrasicolus|DLG3",0.1009269572,FALSE,FALSE,FALSE,FALSE,FALSE,FALSE,FALSE
139,693,"Node175","bJmZRVEepB|Danio_rerio|DLG3",0.0502725931,FALSE,FALSE,FALSE,FALSE,FALSE,FALSE,FALSE
140,695,"Node177","wuMgadLktk|Myxocyprinus_asiaticus|DLG3",2.3244e-06,FALSE,FALSE,FALSE,FALSE,FALSE,FALSE,FALSE
141,695,"Node177","yqDhcfySXu|Myxocyprinus_asiaticus|DLG3",2.9179e-06,FALSE,FALSE,FALSE,FALSE,FALSE,FALSE,FALSE
142,691,"Node173","kWPgwSmLzW|Ctenopharyngodon_idella|DLG3",0.1007330985,FALSE,TRUE,FALSE,FALSE,FALSE,FALSE,FALSE
143,690,"Node172","AokZZMrkyF|Sinocyclocheilus_grahami|DLG3",2.8111e-06,FALSE,TRUE,FALSE,FALSE,FALSE,FALSE,FALSE
144,689,"Node171","UwqBfkljyP|Misgurnus_anguillicaudatus|DLG3",2.6097e-06,FALSE,TRUE,FALSE,FALSE,FALSE,FALSE,FALSE
145,688,"Node170","GMOogtHiPe|Triplophysa_rosa|DLG3",2.9198e-06,FALSE,TRUE,FALSE,FALSE,FALSE,FALSE,FALSE
146,704,"Node186","wcelRJkUIt|Betta_splendens|DLG3",2.1499e-06,FALSE,FALSE,FALSE,FALSE,FALSE,FALSE,FALSE
147,704,"Node186","OoeUGablxW|Sphaeramia_orbicularis|DLG3",1.8038e-06,FALSE,FALSE,FALSE,FALSE,FALSE,FALSE,FALSE
148,708,"Node190","utVnSExbQo|Syngnathus_typhle|DLG3",1.804e-06,FALSE,FALSE,FALSE,FALSE,FALSE,FALSE,FALSE
149,708,"Node190","xKRxKxfzkM|Syngnathoides_biaculeatus|DLG3",1.8038e-06,FALSE,FALSE,FALSE,FALSE,FALSE,FALSE,FALSE
150,707,"Node189","uaRcUTfWcQ|Gouania_willdenowi|DLG3",1.804e-06,FALSE,FALSE,FALSE,FALSE,FALSE,FALSE,FALSE
151,706,"Node188","WGpuwJWZiP|Perca_flavescens|DLG3",1.804e-06,FALSE,FALSE,FALSE,FALSE,FALSE,FALSE,FALSE
152,709,"Node191","iYJkZLrwrk|Boleophthalmus_pectinirostris|DLG3",1.804e-06,FALSE,FALSE,FALSE,FALSE,FALSE,FALSE,FALSE
153,709,"Node191","eAxaFwmHVL|Dicentrarchus_labrax|DLG3",1.804e-06,FALSE,FALSE,FALSE,FALSE,FALSE,FALSE,FALSE
154,702,"Node184","pGEjeRyLxq|Amphiprion_ocellaris|DLG3",1.804e-06,FALSE,FALSE,FALSE,FALSE,FALSE,FALSE,FALSE
155,711,"Node193","zWDPrZicAg|Maylandia_zebra|DLG3",2.8352e-06,FALSE,FALSE,FALSE,FALSE,FALSE,FALSE,FALSE
156,711,"Node193","DoHBdYndSW|Archocentrus_centrarchus|DLG3",2.5502e-06,FALSE,FALSE,FALSE,FALSE,FALSE,FALSE,FALSE
157,710,"Node192","DUvAHYCwDh|Xyrichtys_novacula|DLG3",1.804e-06,FALSE,TRUE,FALSE,FALSE,FALSE,FALSE,FALSE
158,715,"Node197","BXuFASRRYV|Channa_striata|DLG3",1.804e-06,FALSE,FALSE,FALSE,FALSE,FALSE,FALSE,FALSE
159,715,"Node197","JxmClcHOhI|Channa_argus|DLG3",2.4193e-06,FALSE,FALSE,FALSE,FALSE,FALSE,FALSE,FALSE
160,714,"Node196","PDhmakcZxm|Anabas_testudineus|DLG3",0.1536637807,FALSE,FALSE,FALSE,FALSE,FALSE,FALSE,FALSE
161,713,"Node195","XLOCAEqEVw|Monopterus_albus|DLG3",2.7212e-06,FALSE,FALSE,FALSE,FALSE,FALSE,FALSE,FALSE
162,712,"Node194","MGhzKiSISz|Melanotaenia_boesemani|DLG3",0.0975559822,FALSE,FALSE,FALSE,FALSE,FALSE,FALSE,FALSE
163,699,"Node181","aNWbAyhgYk|Plectropomus_leopardus|DLG3",0.0522743017,FALSE,TRUE,FALSE,FALSE,FALSE,FALSE,FALSE
164,716,"Node198","VtkBMGgbNF|Scomber_scombrus|DLG3",0.0554313356,FALSE,TRUE,FALSE,FALSE,FALSE,FALSE,FALSE
165,716,"Node198","lbhQdPDpUP|Thunnus_maccoyii|DLG3",0.3343663992,FALSE,TRUE,FALSE,FALSE,FALSE,FALSE,FALSE
166,720,"Node202","hDfUjXQrOI|Cololabis_saira|DLG3",0.3219743106,FALSE,FALSE,FALSE,FALSE,FALSE,FALSE,FALSE
167,722,"Node204","RrIioanGds|Thalassophryne_amazonica|DLG3",0.1048811361,FALSE,FALSE,FALSE,FALSE,FALSE,FALSE,FALSE
168,722,"Node204","ZpGanyZCNq|Anoplopoma_fimbria|DLG3",2.4379e-06,FALSE,FALSE,FALSE,FALSE,FALSE,FALSE,FALSE
169,721,"Node203","PblYuugntw|Collichthys_lucidus|DLG3",0.0506774839,FALSE,FALSE,FALSE,FALSE,FALSE,FALSE,FALSE
170,725,"Node207","UPmxbmdATS|Pleuronectes_platessa|DLG3",2.3158e-06,FALSE,FALSE,FALSE,FALSE,FALSE,FALSE,FALSE
171,726,"Node208","hAZkkePOrp|Dissostichus_eleginoides|DLG3",0.1027350148,FALSE,FALSE,FALSE,FALSE,FALSE,FALSE,FALSE
172,726,"Node208","iOOtclUjIS|Dissostichus_mawsoni|DLG3",2.8825e-06,FALSE,FALSE,FALSE,FALSE,FALSE,FALSE,FALSE
173,724,"Node206","XihIrMzYUZ|Scophthalmus_maximus|DLG3",1.8038e-06,FALSE,FALSE,FALSE,FALSE,FALSE,FALSE,FALSE
174,723,"Node205","ZkWbRDcgec|Mastacembelus_armatus|DLG3",1.8038e-06,FALSE,FALSE,FALSE,FALSE,FALSE,FALSE,FALSE
175,718,"Node200","BXCJgeZnMI|Siniperca_chuatsi|DLG3",2.3051e-06,FALSE,TRUE,FALSE,FALSE,FALSE,FALSE,FALSE
176,717,"Node199","lxnQrtLPlA|Myripristis_murdjan|DLG3",2.4997e-06,FALSE,TRUE,FALSE,FALSE,FALSE,FALSE,FALSE
177,730,"Node212","AMEKsbXREU|Nerophis_ophidion|DLG3",0.0508815409,FALSE,FALSE,FALSE,FALSE,FALSE,FALSE,FALSE
178,731,"Node213","DVHpZqfCZG|Dunckerocampus_dactyliophorus|DLG3",0.0513563638,FALSE,FALSE,FALSE,FALSE,FALSE,FALSE,FALSE
179,731,"Node213","ZwumQOJHdF|Doryrhamphus_excisus|DLG3",0.0520073379,FALSE,FALSE,FALSE,FALSE,FALSE,FALSE,FALSE
180,732,"Node214","iVmigKtGHW|Lucifuga_dentata|DLG3",0.2675732677,FALSE,FALSE,FALSE,FALSE,FALSE,FALSE,FALSE
181,732,"Node214","FkCjRJuPER|Synchiropus_splendidus|DLG3",0.1628929331,FALSE,FALSE,FALSE,FALSE,FALSE,FALSE,FALSE
182,728,"Node210","qDuUxrdLDR|Cynoglossus_semilaevis|DLG3",0.1022366209,FALSE,TRUE,FALSE,FALSE,FALSE,FALSE,FALSE
183,734,"Node216","WOiqRCRVkY|Merluccius_merluccius|DLG3",2.2564e-06,FALSE,FALSE,FALSE,FALSE,FALSE,FALSE,FALSE
184,734,"Node216",NA,0.0514605797,FALSE,FALSE,FALSE,FALSE,FALSE,FALSE,FALSE
185,733,"Node215","miGZKwdcpq|Lampris_incognitus|DLG3",0.0516651961,FALSE,TRUE,FALSE,FALSE,FALSE,FALSE,FALSE
186,735,"Node217","dZBwPXFXTB|Chanos_chanos|DLG3",1.8038e-06,FALSE,TRUE,FALSE,FALSE,FALSE,FALSE,FALSE
187,735,"Node217","xHrOEdjPlA|Gymnothorax_javanicus|DLG3",1.8038e-06,FALSE,TRUE,FALSE,FALSE,FALSE,FALSE,FALSE
188,736,"Node218","rrJZwALraN|Rhincodon_typus|DLG3",1.804e-06,FALSE,TRUE,FALSE,FALSE,FALSE,FALSE,FALSE
189,736,"Node218","AegqrqaGiL|Paramormyrops_kingsleyae|DLG3",1.804e-06,FALSE,TRUE,FALSE,FALSE,FALSE,FALSE,FALSE
190,740,"Node222","zjTDYlaNMj|Oncorhynchus_keta|DLG3",1.8038e-06,FALSE,TRUE,FALSE,FALSE,FALSE,FALSE,FALSE
191,740,"Node222","lvapPEDhVb|Oncorhynchus_kisutch|DLG3",1.804e-06,FALSE,TRUE,FALSE,FALSE,FALSE,FALSE,FALSE
192,739,"Node221","qOlCljTxOp|Esox_lucius|DLG3",1.804e-06,FALSE,TRUE,FALSE,FALSE,FALSE,FALSE,FALSE
193,757,"Node239","esTtkSfOTl|Protopterus_annectens|DLG3",1.804e-06,FALSE,FALSE,FALSE,FALSE,FALSE,FALSE,FALSE
194,757,"Node239","RXVbAUKgOx|Tupaia_chinensis|DLG3",1.8038e-06,FALSE,FALSE,FALSE,FALSE,FALSE,FALSE,FALSE
195,756,"Node238","FfjntNnlNo|Ochotona_curzoniae|DLG3",1.804e-06,FALSE,FALSE,FALSE,FALSE,FALSE,FALSE,FALSE
196,755,"Node237","TowpqtcoRd|Heterocephalus_glaber|DLG3",1.804e-06,FALSE,FALSE,FALSE,FALSE,FALSE,FALSE,FALSE
197,758,"Node240","yLGnaklVEG|Jaculus_jaculus|DLG3",0.0507634582,FALSE,FALSE,FALSE,FALSE,FALSE,FALSE,FALSE
198,759,"Node241","OkMhABCiQl|Nannospalax_galili|DLG3",2.1169e-06,FALSE,FALSE,FALSE,FALSE,FALSE,FALSE,FALSE
199,759,"Node241","lMKDDlUreN|Marmota_flaviventris|DLG3",1.8038e-06,FALSE,FALSE,FALSE,FALSE,FALSE,FALSE,FALSE
200,763,"Node245","CQdMzibcUc|Mus_musculus|DLG3",1.804e-06,FALSE,FALSE,FALSE,FALSE,FALSE,FALSE,FALSE
201,763,"Node245","WzRddjPsEO|Sigmodon_hispidus|DLG3",1.804e-06,FALSE,FALSE,FALSE,FALSE,FALSE,FALSE,FALSE
202,762,"Node244","WynvbQLjFN|Homo_sapiens|DLG3",1.804e-06,FALSE,FALSE,FALSE,FALSE,FALSE,FALSE,FALSE
203,761,"Node243","mFcOWGEyly|Puma_concolor|DLG3",1.804e-06,FALSE,FALSE,FALSE,FALSE,FALSE,FALSE,FALSE
204,764,"Node246","YvGNtYrYSe|Talpa_occidentalis|DLG3",2.3486e-06,FALSE,FALSE,FALSE,FALSE,FALSE,FALSE,FALSE
205,764,"Node246","XBcoGIqEYb|Cynocephalus_volans|DLG3",0.2085000531,FALSE,FALSE,FALSE,FALSE,FALSE,FALSE,FALSE
206,752,"Node234","ntPHoZImtF|Nyctereutes_procyonoides|DLG3",0.1529568146,FALSE,FALSE,FALSE,FALSE,FALSE,FALSE,FALSE
207,751,"Node233","rEtaQFGiCl|Otolemur_garnettii|DLG3",0.0498311224,FALSE,FALSE,FALSE,FALSE,FALSE,FALSE,FALSE
208,750,"Node232","jusxucKvHe|Phacochoerus_africanus|DLG3",2.4298e-06,FALSE,FALSE,FALSE,FALSE,FALSE,FALSE,FALSE
209,765,"Node247","SYHixnXZGs|Equus_burchellii_quagga|DLG3",0.0506180995,FALSE,FALSE,FALSE,FALSE,FALSE,FALSE,FALSE
210,766,"Node248","yiDyiKQwqw|Propithecus_coquereli|DLG3",0.0508161782,FALSE,FALSE,FALSE,FALSE,FALSE,FALSE,FALSE
211,766,"Node248","XfddPheKUm|Diceros_bicornis_minor|DLG3",0.0517932109,FALSE,FALSE,FALSE,FALSE,FALSE,FALSE,FALSE
212,748,"Node230","VDHfeqYHUY|Eptesicus_fuscus|DLG3",2.3142e-06,FALSE,FALSE,FALSE,FALSE,FALSE,FALSE,FALSE
213,767,"Node249","SXZQUXLjkH|Latimeria_chalumnae|DLG3",0.2090376231,FALSE,FALSE,FALSE,FALSE,FALSE,FALSE,FALSE
214,767,"Node249","pQdpdTTzTY|Latimeria_chalumnae|DLG3",2.6562e-06,FALSE,FALSE,FALSE,FALSE,FALSE,FALSE,FALSE
215,746,"Node228","pFXRCJIzYV|Vicugna_pacos|DLG3",1.804e-06,FALSE,TRUE,FALSE,FALSE,FALSE,FALSE,FALSE
216,745,"Node227","anjQDWPymK|Castor_canadensis|DLG3",1.804e-06,FALSE,TRUE,FALSE,FALSE,FALSE,FALSE,FALSE
217,768,"Node250","xsgKOCJOKc|Mesoplodon_densirostris|DLG3",0.0509120145,FALSE,FALSE,FALSE,FALSE,FALSE,FALSE,FALSE
218,768,"Node250","xryLzCoxMS|Gracilinanus_agilis|DLG3",0.0502374214,FALSE,FALSE,FALSE,FALSE,FALSE,FALSE,FALSE
219,773,"Node255","ogdIgCefjy|Pelobates_cultripes|DLG3",2.5828e-06,FALSE,FALSE,FALSE,FALSE,FALSE,FALSE,FALSE
220,773,"Node255","urfLjaqzmy|Bufo_gargarizans|DLG3",2.4812e-06,FALSE,FALSE,FALSE,FALSE,FALSE,FALSE,FALSE
221,772,"Node254","FUWVJGOmnN|Microcaecilia_unicolor|DLG3",2.6624e-06,FALSE,FALSE,FALSE,FALSE,FALSE,FALSE,FALSE
222,771,"Node253","KzkrdKPXKl|Xenopus_tropicalis|DLG3",1.8038e-06,FALSE,FALSE,FALSE,FALSE,FALSE,FALSE,FALSE
223,770,"Node252","uBrMUhihfB|Bombina_bombina|DLG3",1.804e-06,FALSE,FALSE,FALSE,FALSE,FALSE,FALSE,FALSE
224,769,"Node251","eYjBcLGRuK|Pleurodeles_waltl|DLG3",1.804e-06,FALSE,TRUE,FALSE,FALSE,FALSE,FALSE,FALSE
225,775,"Node257","ThydlHtIwV|Chelydra_serpentina|DLG3",1.804e-06,FALSE,TRUE,FALSE,FALSE,FALSE,FALSE,FALSE
226,778,"Node260","eOjHiYqfnR|Coturnix_japonica|DLG3",0.1035268748,FALSE,TRUE,FALSE,FALSE,FALSE,FALSE,FALSE
227,778,"Node260","HzzPSKExBA|Gavia_stellata|DLG3",2.9092e-06,FALSE,TRUE,FALSE,FALSE,FALSE,FALSE,FALSE
228,782,"Node264","YCMaNfRMgD|Cnemophilus_loriae|DLG3",2.4807e-06,FALSE,TRUE,FALSE,FALSE,FALSE,FALSE,FALSE
229,782,"Node264","XKEvkrGvDU|Orthonyx_spaldingii|DLG3",2.1355e-06,FALSE,TRUE,FALSE,FALSE,FALSE,FALSE,FALSE
230,781,"Node263","fTMlOAimmJ|Gymnogyps_californianus|DLG3",0.2584033305,FALSE,TRUE,FALSE,FALSE,FALSE,FALSE,FALSE
231,785,"Node267","qNMqmkpais|Heliornis_fulica|DLG3",0.2644960491,FALSE,TRUE,FALSE,FALSE,FALSE,FALSE,FALSE
232,786,"Node268","oVBpBXtGtL|Melopsittacus_undulatus|DLG3",0.1011453337,FALSE,TRUE,FALSE,FALSE,FALSE,FALSE,FALSE
233,786,"Node268","cpZxjfbcUI|Indicator_indicator|DLG3",0.0688410345,FALSE,TRUE,FALSE,FALSE,FALSE,FALSE,FALSE
234,784,"Node266","lwAEhrLPxl|Turnix_velox|DLG3",2.5578e-06,FALSE,TRUE,FALSE,FALSE,FALSE,FALSE,FALSE
235,783,"Node265","ibsFJKYJvW|Nothoprocta_perdicaria|DLG3",0.0689590878,FALSE,TRUE,FALSE,FALSE,FALSE,FALSE,FALSE
236,791,"Node273","bNvBgFeuBm|Malurus_elegans|DLG3",0.1085492689,FALSE,TRUE,FALSE,FALSE,FALSE,FALSE,FALSE
237,792,"Node274","GJwwjRaQdr|Corvus_moneduloides|DLG3",0.2720794149,FALSE,TRUE,FALSE,FALSE,FALSE,FALSE,FALSE
238,792,"Node274","fLVauwDyHf|Opisthocomus_hoazin|DLG3",0.0443806069,FALSE,TRUE,FALSE,FALSE,FALSE,FALSE,FALSE
239,790,"Node272","PDmbnLiwgq|Cinclus_cinclus|DLG3",2.2717e-06,FALSE,TRUE,FALSE,FALSE,FALSE,FALSE,FALSE
240,789,"Node271","dwjfmCpcoG|Vidua_chalybeata|DLG3",2.032e-06,FALSE,TRUE,FALSE,FALSE,FALSE,FALSE,FALSE
241,793,"Node275","OkKSFIZNlK|Ammodramus_caudacutus|DLG3",2.3973e-06,FALSE,TRUE,FALSE,FALSE,FALSE,FALSE,FALSE
242,794,"Node276","hlzGDliEws|Prinia_subflava|DLG3",2.6149e-06,FALSE,TRUE,FALSE,FALSE,FALSE,FALSE,FALSE
243,794,"Node276","ZstwSnBqbI|Falco_rusticolus|DLG3",0.0510048184,FALSE,TRUE,FALSE,FALSE,FALSE,FALSE,FALSE
244,787,"Node269","VQtsZzeCJr|Antrostomus_carolinensis|DLG3",2.4356e-06,FALSE,TRUE,FALSE,FALSE,FALSE,FALSE,FALSE
245,796,"Node278","tJrmIFflQs|Centropus_unirufus|DLG3",0.149900147,FALSE,TRUE,FALSE,FALSE,FALSE,FALSE,FALSE
246,796,"Node278","OiNqLJgfeZ|Alligator_sinensis|DLG3",0.0996968928,FALSE,TRUE,FALSE,FALSE,FALSE,FALSE,FALSE
247,795,"Node277","TYLbPeMhwF|Formicarius_rufipectus|DLG3",2.502e-06,FALSE,TRUE,FALSE,FALSE,FALSE,FALSE,FALSE
248,798,"Node280","VAVticCRFs|Sphaerodactylus_townsendi|DLG3",2.3744e-06,FALSE,TRUE,FALSE,FALSE,FALSE,FALSE,FALSE
249,799,"Node281","AOkkYGBIBw|Podarcis_raffonei|DLG3",0.0505609689,FALSE,TRUE,FALSE,FALSE,FALSE,FALSE,FALSE
250,799,"Node281","XoaHcwMWus|Python_bivittatus|DLG3",2.4272e-06,FALSE,TRUE,FALSE,FALSE,FALSE,FALSE,FALSE
251,797,"Node279","JOxasJSbvP|Tachyglossus_aculeatus|DLG3",1.804e-06,FALSE,TRUE,FALSE,FALSE,FALSE,FALSE,FALSE
252,741,"Node223","xniMuVTZfC|Conger_conger|DLG3",1.804e-06,FALSE,TRUE,FALSE,FALSE,FALSE,FALSE,FALSE
253,737,"Node219","miatsPWCrQ|Atractosteus_spatula|DLG3",0.1013545629,FALSE,TRUE,FALSE,FALSE,FALSE,FALSE,FALSE
254,674,"Node156","axFTgRZYUv|Lepisosteus_oculatus|DLG3",0.1030263479,FALSE,TRUE,FALSE,FALSE,FALSE,FALSE,FALSE
255,673,"Node155","zmoLStzvUB|Polypterus_senegalus|DLG3",0.1612532934,FALSE,TRUE,FALSE,FALSE,FALSE,FALSE,FALSE
256,801,"Node283","jXUyuXxLQD|Anguilla_anguilla|DLG3",0.1015024228,FALSE,FALSE,FALSE,FALSE,FALSE,FALSE,FALSE
257,801,"Node283","djyNGQiDCF|Conger_conger|DLG3",2.2409e-06,FALSE,FALSE,FALSE,FALSE,FALSE,FALSE,FALSE
258,800,"Node282","SqaAUVQJIu|Megalops_cyprinoides|DLG3",2.2365e-06,FALSE,TRUE,FALSE,FALSE,FALSE,FALSE,FALSE
259,670,"Node152","aeZUnkzUSH|Scleropages_formosus|DLG3",2.322e-06,FALSE,TRUE,FALSE,FALSE,FALSE,FALSE,FALSE
260,803,"Node285","NsVaouJkRX|Silurus_meridionalis|DLG3",0.0489470565,FALSE,TRUE,FALSE,FALSE,FALSE,FALSE,FALSE
261,805,"Node287","gleKkqrajU|Trichomycterus_rosablanca|DLG3",0.1061440277,FALSE,TRUE,FALSE,FALSE,FALSE,FALSE,FALSE
262,805,"Node287","HAZMZjxJUm|Pangasius_djambal|DLG3",0.0521466201,FALSE,TRUE,FALSE,FALSE,FALSE,FALSE,FALSE
263,806,"Node288","MagBAZtbEG|Neoarius_graeffei|DLG3",0.0509890914,FALSE,TRUE,FALSE,FALSE,FALSE,FALSE,FALSE
264,807,"Node289","kuDawMBdOW|Ictalurus_furcatus|DLG3",0.87531856,FALSE,TRUE,FALSE,FALSE,FALSE,FALSE,FALSE
265,808,"Node290","AzDwnUAyuO|Hemibagrus_wyckioides|DLG3",0.0279640467,FALSE,TRUE,FALSE,FALSE,FALSE,FALSE,FALSE
266,808,"Node290","KBJAHAJnqQ|Tachysurus_vachellii|DLG3",0.01791422,FALSE,TRUE,FALSE,FALSE,FALSE,FALSE,FALSE
267,810,"Node292","qrMXrqPuje|Hoplias_malabaricus|DLG3",0.0379163457,FALSE,TRUE,FALSE,FALSE,FALSE,FALSE,FALSE
268,810,"Node292","SmtTEjGqcW|Colossoma_macropomum|DLG3",0.1100944537,FALSE,TRUE,FALSE,FALSE,FALSE,FALSE,FALSE
269,809,"Node291","zrWrWgvRUo|Astyanax_mexicanus|DLG3",12.0153853132,FALSE,TRUE,FALSE,FALSE,FALSE,FALSE,FALSE
270,813,"Node295","hGVnEKzMrG|Engraulis_encrasicolus|DLG3",0.7284964392,FALSE,TRUE,FALSE,FALSE,FALSE,FALSE,FALSE
271,813,"Node295","IoEXtozcYe|Alosa_alosa|DLG3",0.1511851663,FALSE,TRUE,FALSE,FALSE,FALSE,FALSE,FALSE
272,812,"Node294","sLeJuFfHXj|Clupea_harengus|DLG3",0.3162696922,FALSE,TRUE,FALSE,FALSE,FALSE,FALSE,FALSE
273,811,"Node293","DpKpWkYUbt|Chanos_chanos|DLG3",0.1040421535,FALSE,TRUE,FALSE,FALSE,FALSE,FALSE,FALSE
274,816,"Node298","MYLFQOnPPv|Triplophysa_rosa|DLG3",0.1795744566,FALSE,TRUE,FALSE,FALSE,FALSE,FALSE,FALSE
275,816,"Node298","wBuMiksKge|Misgurnus_anguillicaudatus|DLG3",0.1143081304,FALSE,TRUE,FALSE,FALSE,FALSE,FALSE,FALSE
276,819,"Node301","WTpELElayt|Pimephales_promelas|DLG3",0.0773286846,FALSE,TRUE,FALSE,FALSE,FALSE,FALSE,FALSE
277,822,"Node304","CLtjdmZLZM|Cyprinus_carpio|DLG3",0.3370769769,FALSE,TRUE,FALSE,FALSE,FALSE,FALSE,FALSE
278,822,"Node304","nieOSCMjQY|Onychostoma_macrolepis|DLG3",0.1942811907,FALSE,TRUE,FALSE,FALSE,FALSE,FALSE,FALSE
279,821,"Node303","ilvlBVfGLA|Labeo_rohita|DLG3",0.1314965491,FALSE,TRUE,FALSE,FALSE,FALSE,FALSE,FALSE
280,820,"Node302","aLeJZewqKP|Cirrhinus_molitorella|DLG3",2.7657394687,FALSE,TRUE,FALSE,FALSE,FALSE,FALSE,FALSE
281,818,"Node300","hwiiclsjaD|Pseudorasbora_parva|DLG3",0.2734652141,FALSE,TRUE,FALSE,FALSE,FALSE,FALSE,FALSE
282,817,"Node299","wEekRaOdmx|Chanodichthys_erythropterus|DLG3",0.0185630076,FALSE,TRUE,FALSE,FALSE,FALSE,FALSE,FALSE
283,814,"Node296","TvopYAaCEx|Myxocyprinus_asiaticus|DLG3",2.0367e-06,FALSE,TRUE,FALSE,FALSE,FALSE,FALSE,FALSE
284,666,"Node148","egwsBZKghV|Osmerus_eperlanus|DLG3",0.0696700045,FALSE,TRUE,FALSE,FALSE,FALSE,FALSE,FALSE
285,665,"Node147","DdJJisOJak|Salvelinus_alpinus|DLG3",1.7050083851,FALSE,TRUE,FALSE,FALSE,FALSE,FALSE,FALSE
286,828,"Node310","zpycNArCoR|Gadus_chalcogrammus|DLG3",0.0458730195,FALSE,FALSE,FALSE,FALSE,FALSE,FALSE,FALSE
287,828,"Node310","MMfSVklQTS|Lota_lota|DLG3",0.2430342922,FALSE,FALSE,FALSE,FALSE,FALSE,FALSE,FALSE
288,829,"Node311","xsowCsucWH|Merluccius_merluccius|DLG3",0.1188779311,FALSE,FALSE,FALSE,FALSE,FALSE,FALSE,FALSE
289,829,"Node311","wWhbJiQmdi|Merluccius_polli|DLG3",0.1157606635,FALSE,FALSE,FALSE,FALSE,FALSE,FALSE,FALSE
290,826,"Node308","fQFMtiArWX|Gouania_willdenowi|DLG3",2.1679e-06,FALSE,TRUE,FALSE,FALSE,FALSE,FALSE,FALSE
291,825,"Node307","PqpZyNAwzO|Myripristis_murdjan|DLG3",0.0578994526,FALSE,TRUE,FALSE,FALSE,FALSE,FALSE,FALSE
292,833,"Node315","vLrwzrAYdf|Nerophis_lumbriciformis|DLG3",0.058032188,FALSE,TRUE,FALSE,FALSE,FALSE,FALSE,FALSE
293,835,"Node317","ouGydyLZAK|Syngnathoides_biaculeatus|DLG3",0.0608563448,FALSE,TRUE,FALSE,FALSE,FALSE,FALSE,FALSE
294,836,"Node318","oSTHyNhLwP|Phyllopteryx_taeniolatus|DLG3",0.1774403892,FALSE,TRUE,FALSE,FALSE,FALSE,FALSE,FALSE
295,836,"Node318","FJrexhwdzF|Hippocampus_comes|DLG3",2.6533e-06,FALSE,TRUE,FALSE,FALSE,FALSE,FALSE,FALSE
296,834,"Node316","kvYrUGnMbg|Syngnathus_scovelli|DLG3",0.1993633113,FALSE,TRUE,FALSE,FALSE,FALSE,FALSE,FALSE
297,837,"Node319","yriEBossAd|Nerophis_lumbriciformis|DLG3",0.1117382459,FALSE,TRUE,FALSE,FALSE,FALSE,FALSE,FALSE
298,837,"Node319","ptmjRheura|Doryrhamphus_excisus|DLG3",0.7569917773,FALSE,TRUE,FALSE,FALSE,FALSE,FALSE,FALSE
299,840,"Node322","ZypbZObihB|Knipowitschia_caucasica|DLG3",0.1325726248,FALSE,TRUE,FALSE,FALSE,FALSE,FALSE,FALSE
300,840,"Node322","QbbaEGndmx|Periophthalmus_magnuspinnatus|DLG3",0.5815144759,FALSE,TRUE,FALSE,FALSE,FALSE,FALSE,FALSE
301,841,"Node323","LpNogsRHRK|Oreochromis_niloticus|DLG3",0.0740448315,FALSE,TRUE,FALSE,FALSE,FALSE,FALSE,FALSE
302,842,"Node324","WapYtbgEft|Amphiprion_ocellaris|DLG3",0.443353089,FALSE,TRUE,FALSE,FALSE,FALSE,FALSE,FALSE
303,842,"Node324","nSFLbiNYlq|Stegastes_partitus|DLG3",0.407026254,FALSE,TRUE,FALSE,FALSE,FALSE,FALSE,FALSE
304,838,"Node320","CKpcvQwrMi|Sphaeramia_orbicularis|DLG3",0.2324840747,FALSE,TRUE,FALSE,FALSE,FALSE,FALSE,FALSE
305,851,"Node333","vtpjaucyOq|Betta_splendens|DLG3",0.0584591739,FALSE,TRUE,FALSE,FALSE,FALSE,FALSE,FALSE
306,851,"Node333","faaiaCexvh|Synchiropus_splendidus|DLG3",0.0585569873,FALSE,TRUE,FALSE,FALSE,FALSE,FALSE,FALSE
307,850,"Node332","VKGiCSQIGM|Salarias_fasciatus|DLG3",0.0627107811,FALSE,TRUE,FALSE,FALSE,FALSE,FALSE,FALSE
308,849,"Node331","UUZtKSATPJ|Menidia_menidia|DLG3",2.2634e-06,FALSE,TRUE,FALSE,FALSE,FALSE,FALSE,FALSE
309,852,"Node334","DiiQBWVJgg|Oryzias_melastigma|DLG3",2.8209e-06,FALSE,TRUE,FALSE,FALSE,FALSE,FALSE,FALSE
310,852,"Node334","zWsqVxYMwL|Anabas_testudineus|DLG3",0.1127753502,FALSE,TRUE,FALSE,FALSE,FALSE,FALSE,FALSE
311,853,"Node335","sDDsKtpJNt|Austrofundulus_limnaeus|DLG3",0.3580597903,FALSE,TRUE,FALSE,FALSE,FALSE,FALSE,FALSE
312,853,"Node335","svcLFAhuvw|Mugil_cephalus|DLG3",0.7965820725,FALSE,TRUE,FALSE,FALSE,FALSE,FALSE,FALSE
313,856,"Node338","eeCTNWpyuJ|Notolabrus_celidotus|DLG3",0.1084567713,FALSE,TRUE,FALSE,FALSE,FALSE,FALSE,FALSE
314,857,"Node339","gMLgaRdxRd|Labrus_bergylta|DLG3",0.0697358723,FALSE,TRUE,FALSE,FALSE,FALSE,FALSE,FALSE
315,857,"Node339","gqbNfIbQme|Cheilinus_undulatus|DLG3",0.0609570928,FALSE,TRUE,FALSE,FALSE,FALSE,FALSE,FALSE
316,855,"Node337","OKRnqnINnB|Centropristis_striata|DLG3",0.1813082836,FALSE,TRUE,FALSE,FALSE,FALSE,FALSE,FALSE
317,854,"Node336","FYyuGGoyCb|Acanthopagrus_latus|DLG3",0.1828486042,FALSE,TRUE,FALSE,FALSE,FALSE,FALSE,FALSE
318,845,"Node327","sDjaxmFrFr|Mastacembelus_armatus|DLG3",0.2453672838,FALSE,TRUE,FALSE,FALSE,FALSE,FALSE,FALSE
319,859,"Node341","JgPfwhhhMe|Takifugu_flavidus|DLG3",0.178135209,FALSE,TRUE,FALSE,FALSE,FALSE,FALSE,FALSE
320,859,"Node341","efGIvclRVv|Chelmon_rostratus|DLG3",0.3914687883,FALSE,TRUE,FALSE,FALSE,FALSE,FALSE,FALSE
321,858,"Node340","wIwrgxUWrN|Larimichthys_crocea|DLG3",0.1211586322,FALSE,TRUE,FALSE,FALSE,FALSE,FALSE,FALSE
322,865,"Node347","IGYVrWebYn|Gasterosteus_aculeatus_aculeatus|DLG3",0.0596452322,FALSE,TRUE,FALSE,FALSE,FALSE,FALSE,FALSE
323,865,"Node347","aBSYNCtHaW|Cyclopterus_lumpus|DLG3",0.0595073857,FALSE,TRUE,FALSE,FALSE,FALSE,FALSE,FALSE
324,864,"Node346","PtMGAnjhbY|Anoplopoma_fimbria|DLG3",2.8659e-06,FALSE,TRUE,FALSE,FALSE,FALSE,FALSE,FALSE
325,863,"Node345","vXspuuiHWJ|Sebastes_umbrosus|DLG3",2.2155e-06,FALSE,TRUE,FALSE,FALSE,FALSE,FALSE,FALSE
326,862,"Node344","LaPxHzdBdr|Epinephelus_moara|DLG3",0.059774783,FALSE,TRUE,FALSE,FALSE,FALSE,FALSE,FALSE
327,866,"Node348","AxJsidbHna|Parambassis_ranga|DLG3",2.8902e-06,FALSE,TRUE,FALSE,FALSE,FALSE,FALSE,FALSE
328,868,"Node350","UnxzPTgJul|Eleginops_maclovinus|DLG3",0.0599371187,FALSE,TRUE,FALSE,FALSE,FALSE,FALSE,FALSE
329,868,"Node350","lyDPHZkyix|Cottoperca_gobio|DLG3",2.4464e-06,FALSE,TRUE,FALSE,FALSE,FALSE,FALSE,FALSE
330,867,"Node349","YMNuCcmWXM|Etheostoma_spectabile|DLG3",0.0444799868,FALSE,TRUE,FALSE,FALSE,FALSE,FALSE,FALSE
331,874,"Node356","ZOIJojBlYl|Solea_senegalensis|DLG3",0.8320232703,FALSE,TRUE,FALSE,FALSE,FALSE,FALSE,FALSE
332,874,"Node356","NpoNQMzDTd|Scophthalmus_maximus|DLG3",0.2133212241,FALSE,TRUE,FALSE,FALSE,FALSE,FALSE,FALSE
333,873,"Node355","JFPkopdVZK|Lates_calcarifer|DLG3",0.0597774474,FALSE,TRUE,FALSE,FALSE,FALSE,FALSE,FALSE
334,872,"Node354","ALfGKJjrxE|Xiphias_gladius|DLG3",2.7955e-06,FALSE,TRUE,FALSE,FALSE,FALSE,FALSE,FALSE
335,875,"Node357","RtIZUQfQIP|Echeneis_naucrates|DLG3",2.9062e-06,FALSE,TRUE,FALSE,FALSE,FALSE,FALSE,FALSE
336,875,"Node357","vqckeEAUrH|Caranx_melampygus|DLG3",0.3140439998,FALSE,TRUE,FALSE,FALSE,FALSE,FALSE,FALSE
337,876,"Node358","OFJebSKyFF|Scomber_japonicus|DLG3",0.3198562425,FALSE,TRUE,FALSE,FALSE,FALSE,FALSE,FALSE
338,876,"Node358","VFSMnmJXAk|Thunnus_maccoyii|DLG3",2.3999e-06,FALSE,TRUE,FALSE,FALSE,FALSE,FALSE,FALSE
339,869,"Node351","UERFDuKJvG|Micropterus_dolomieu|DLG3",0.0596801197,FALSE,TRUE,FALSE,FALSE,FALSE,FALSE,FALSE
340,823,"Node305","BnbwVvAGmv|Thalassophryne_amazonica|DLG3",0.0598026374,FALSE,TRUE,FALSE,FALSE,FALSE,FALSE,FALSE
341,877,"Node359","NOYBFVrXEM|Esox_lucius|DLG3",0.0583969519,FALSE,TRUE,FALSE,FALSE,FALSE,FALSE,FALSE
342,877,"Node359","mRWOJBgiso|Dallia_pectoralis|DLG3",0.2958259595,FALSE,TRUE,FALSE,FALSE,FALSE,FALSE,FALSE
343,662,"Node144","YtXPgBDZNy|Umbra_pygmaea|DLG3",0.0630221761,FALSE,TRUE,FALSE,FALSE,FALSE,FALSE,FALSE
344,883,"Node365","ehslqVUJdo|Homo_sapiens|DLG2",2.9305e-06,FALSE,FALSE,FALSE,FALSE,FALSE,FALSE,FALSE
345,883,"Node365","GMoDClyZnF|Homo_sapiens|DLG2",2.9049e-06,FALSE,FALSE,FALSE,FALSE,FALSE,FALSE,FALSE
346,884,"Node366","fqtYtkaPCW|Chelydra_serpentina|DLG2",0.1219683642,FALSE,FALSE,FALSE,FALSE,FALSE,FALSE,FALSE
347,885,"Node367","EPjCUCzTFN|Tiliqua_scincoides|DLG2",0.265955246,FALSE,FALSE,FALSE,FALSE,FALSE,FALSE,FALSE
348,886,"Node368","IkLaNeDNWM|Alligator_sinensis|DLG2",0.120417651,FALSE,FALSE,FALSE,FALSE,FALSE,FALSE,FALSE
349,891,"Node373","XfIqlNhCEX|Sclerurus_mexicanus|DLG2",0.0601371472,FALSE,FALSE,FALSE,FALSE,FALSE,FALSE,FALSE
350,892,"Node374","qQkpXjjnrz|Apteryx_australis_mantelli|DLG2",0.0602604148,FALSE,FALSE,FALSE,FALSE,FALSE,FALSE,FALSE
351,895,"Node377","GmQggYudJI|Orthonyx_spaldingii|DLG2",2.0042e-06,FALSE,FALSE,FALSE,FALSE,FALSE,FALSE,FALSE
352,895,"Node377","mFiVcBgeGe|Chunga_burmeisteri|DLG2",0.062268902,FALSE,FALSE,FALSE,FALSE,FALSE,FALSE,FALSE
353,897,"Node379","FtixWolsEM|Ptilonorhynchus_violaceus|DLG2",0.1999849418,FALSE,FALSE,FALSE,FALSE,FALSE,FALSE,FALSE
354,899,"Node381","mnRBYrpuwh|Malurus_elegans|DLG2",0.2597220987,FALSE,FALSE,FALSE,FALSE,FALSE,FALSE,FALSE
355,899,"Node381","XKtpHVsSwG|Indicator_indicator|DLG2",0.1017642515,FALSE,FALSE,FALSE,FALSE,FALSE,FALSE,FALSE
356,898,"Node380","DsBKwYWKZL|Caloenas_nicobarica|DLG2",0.3161321128,FALSE,FALSE,FALSE,FALSE,FALSE,FALSE,FALSE
357,896,"Node378","sCuHVhUnoa|Rhynochetos_jubatus|DLG2",0.3686964924,FALSE,FALSE,FALSE,FALSE,FALSE,FALSE,FALSE
358,900,"Node382","hEftbJUFnE|Vireo_altiloquus|DLG2",0.124561033,FALSE,FALSE,FALSE,FALSE,FALSE,FALSE,FALSE
359,900,"Node382","RCZcjExQCK|Probosciger_aterrimus|DLG2",0.0601125807,FALSE,FALSE,FALSE,FALSE,FALSE,FALSE,FALSE
360,890,"Node372","KiJEGftrir|Odontophorus_gujanensis|DLG2",1.8038e-06,FALSE,FALSE,FALSE,FALSE,FALSE,FALSE,FALSE
361,889,"Node371","gKEVJIBXtY|Caloenas_nicobarica|DLG2",1.804e-06,FALSE,FALSE,FALSE,FALSE,FALSE,FALSE,FALSE
362,888,"Node370","CELwPnXQIx|Poecile_atricapillus|DLG2",1.804e-06,FALSE,FALSE,FALSE,FALSE,FALSE,FALSE,FALSE
363,887,"Node369","DsBkyARkxI|Pomatorhinus_ruficollis|DLG2",0.0592580779,FALSE,FALSE,FALSE,FALSE,FALSE,FALSE,FALSE
364,901,"Node383","YXaOXSpXQd|Eleutherodactylus_coqui|DLG2",2.6723e-06,FALSE,FALSE,FALSE,FALSE,FALSE,FALSE,FALSE
365,901,"Node383","QXFnzPLpTD|Bombina_bombina|DLG2",2.8034e-06,FALSE,FALSE,FALSE,FALSE,FALSE,FALSE,FALSE
366,880,"Node362","PiNxucmnDW|Geotrypetes_seraphini|DLG2",0.0591035302,FALSE,FALSE,FALSE,FALSE,FALSE,FALSE,FALSE
367,902,"Node384","TicaPUcLnh|Pleurodeles_waltl|DLG2",0.3709239092,FALSE,FALSE,FALSE,FALSE,FALSE,FALSE,FALSE
368,902,"Node384","RbawpuQucg|Hyla_sarda|DLG2",2.5626e-06,FALSE,FALSE,FALSE,FALSE,FALSE,FALSE,FALSE
369,878,"Node360","ONsbnZZdoB|Opisthocomus_hoazin|DLG2",2.5856e-06,FALSE,FALSE,FALSE,FALSE,FALSE,FALSE,FALSE
370,659,"Node141","FFXCxrOYHp|Latimeria_chalumnae|DLG2",0.3180591408,FALSE,FALSE,FALSE,FALSE,FALSE,FALSE,FALSE
371,908,"Node390","gyAtThYSaa|Kryptolebias_marmoratus|DLG2",0.1820195177,FALSE,FALSE,FALSE,FALSE,FALSE,FALSE,FALSE
372,908,"Node390","PSlZLvuuYl|Gouania_willdenowi|DLG2",2.7356e-06,FALSE,FALSE,FALSE,FALSE,FALSE,FALSE,FALSE
373,913,"Node395","vyvpWVfIGy|Anguilla_anguilla|DLG2",0.0592473357,FALSE,FALSE,FALSE,FALSE,FALSE,FALSE,FALSE
374,915,"Node397","ULWmzYoIxf|Lota_lota|DLG2",2.4383e-06,FALSE,FALSE,FALSE,FALSE,FALSE,FALSE,FALSE
375,915,"Node397",NA,0.0794165259,FALSE,FALSE,FALSE,FALSE,FALSE,FALSE,FALSE
376,914,"Node396","GPhilhmEVr|Salvelinus_namaycush|DLG2",0.1811647435,FALSE,FALSE,FALSE,FALSE,FALSE,FALSE,FALSE
377,912,"Node394","qehGXqMTxv|Chanos_chanos|DLG2",0.1027236067,FALSE,FALSE,FALSE,FALSE,FALSE,FALSE,FALSE
378,911,"Node393","ejIMjLRzEU|Amia_calva|DLG2",1.804e-06,FALSE,FALSE,FALSE,FALSE,FALSE,FALSE,FALSE
379,910,"Node392","UUDYLzpWHs|Danio_rerio|DLG2",1.804e-06,FALSE,FALSE,FALSE,FALSE,FALSE,FALSE,FALSE
380,909,"Node391","AxIfEqLTbp|Lampris_incognitus|DLG2",0.1796991472,FALSE,FALSE,FALSE,FALSE,FALSE,FALSE,FALSE
381,916,"Node398","ONjGpszpSP|Cololabis_saira|DLG2",0.0590188708,FALSE,FALSE,FALSE,FALSE,FALSE,FALSE,FALSE
382,917,"Node399","uEpEkMObuo|Pleuronectes_platessa|DLG2",2.7269e-06,FALSE,FALSE,FALSE,FALSE,FALSE,FALSE,FALSE
383,917,"Node399","TIxVoPyeMH|Melanotaenia_boesemani|DLG2",0.1822856136,FALSE,FALSE,FALSE,FALSE,FALSE,FALSE,FALSE
384,905,"Node387","veEjRQhhhZ|Myripristis_murdjan|DLG2",2.5495e-06,FALSE,FALSE,FALSE,FALSE,FALSE,FALSE,FALSE
385,904,"Node386","ojdlhULZpz|Oreochromis_niloticus|DLG2",2.6614e-06,FALSE,FALSE,FALSE,FALSE,FALSE,FALSE,FALSE
386,919,"Node401","wQyDDeVXXc|Carcharodon_carcharias|DLG2",0.1919257793,FALSE,TRUE,FALSE,FALSE,FALSE,FALSE,FALSE
387,919,"Node401","pqeXetPbqC|Heptranchias_perlo|DLG2",0.4144914419,FALSE,TRUE,FALSE,FALSE,FALSE,FALSE,FALSE
388,920,"Node402","HyqKvYxDYc|Oryzias_melastigma|DLG2",0.3703931061,FALSE,TRUE,FALSE,FALSE,FALSE,FALSE,FALSE
389,920,"Node402","iYQWMUkQiD|Pungitius_pungitius|DLG2",0.2408794422,FALSE,TRUE,FALSE,FALSE,FALSE,FALSE,FALSE
390,533,"Node15","qUZQzkXect|Scleropages_formosus|DLG3",2.3307e-06,FALSE,TRUE,FALSE,FALSE,FALSE,FALSE,FALSE
391,532,"Node14","LPrvvfuzlf|Leucoraja_erinacea|DLG3",0.177084627,FALSE,TRUE,FALSE,FALSE,FALSE,FALSE,FALSE
392,531,"Node13","jGuZjbeOQm|Rhincodon_typus|DLG3",0.1854699419,FALSE,TRUE,FALSE,FALSE,FALSE,FALSE,FALSE
393,530,"Node12","XAxHVkgUhy|Callorhinchus_milii|DLG3",0.5410357973,FALSE,TRUE,FALSE,FALSE,FALSE,FALSE,FALSE
394,529,"Node11","fTWBtQxZgN|Picoides_pubescens|DLG3",2.6021e-06,FALSE,TRUE,FALSE,FALSE,FALSE,FALSE,FALSE
395,923,"Node405","ENJigRgTGn|Paramormyrops_kingsleyae|DLG3",0.3779322658,FALSE,FALSE,FALSE,FALSE,FALSE,FALSE,FALSE
396,923,"Node405","zGuzSyJNtP|Pterocnemia_pennata|DLG3",0.0635605067,FALSE,FALSE,FALSE,FALSE,FALSE,FALSE,FALSE
397,930,"Node412","vsxFtYTdEw|Tachysurus_fulvidraco|DLG3",0.1951726507,FALSE,FALSE,FALSE,FALSE,FALSE,FALSE,FALSE
398,950,"Node432","HqPsyjXsCh|Archocentrus_centrarchus|DLG3",0.0661584583,FALSE,FALSE,FALSE,FALSE,FALSE,FALSE,FALSE
399,950,"Node432","UKZsoYjrxI|Oreochromis_niloticus|DLG3",0.2351489322,FALSE,FALSE,FALSE,FALSE,FALSE,FALSE,FALSE
400,951,"Node433","gQNAoeGxAg|Fundulus_heteroclitus|DLG3",0.1428775757,FALSE,FALSE,FALSE,FALSE,FALSE,FALSE,FALSE
401,951,"Node433","VoTvtaXgvp|Melanotaenia_boesemani|DLG3",0.050425126,FALSE,FALSE,FALSE,FALSE,FALSE,FALSE,FALSE
402,959,"Node441","NKYhKNVmzb|Coregonus_clupeaformis|DLG3",0.3919414127,FALSE,FALSE,FALSE,FALSE,FALSE,FALSE,FALSE
403,959,"Node441","GsUjdxsRBm|Monopterus_albus|DLG3",0.1303341262,FALSE,FALSE,FALSE,FALSE,FALSE,FALSE,FALSE
404,958,"Node440","zOWnPqRKQL|Anarrhichthys_ocellatus|DLG3",0.0499270159,FALSE,FALSE,FALSE,FALSE,FALSE,FALSE,FALSE
405,957,"Node439","deiRPHcnze|Siniperca_chuatsi|DLG3",0.5200437508,FALSE,FALSE,FALSE,FALSE,FALSE,FALSE,FALSE
406,956,"Node438","lcAyeTIAkR|Myripristis_murdjan|DLG3",0.1306439322,FALSE,FALSE,FALSE,FALSE,FALSE,FALSE,FALSE
407,955,"Node437","PzeyeQYjKt|Labrus_bergylta|DLG3",2.964e-06,FALSE,FALSE,FALSE,FALSE,FALSE,FALSE,FALSE
408,954,"Node436","PRUMjLBCLn|Conger_conger|DLG3",2.8224e-06,FALSE,FALSE,FALSE,FALSE,FALSE,FALSE,FALSE
409,953,"Node435","gvWDVDcqvr|Cheilinus_undulatus|DLG3",0.1194564214,FALSE,FALSE,FALSE,FALSE,FALSE,FALSE,FALSE
410,952,"Node434","ezEidGCkXs|Channa_argus|DLG3",2.8506e-06,FALSE,FALSE,FALSE,FALSE,FALSE,FALSE,FALSE
411,947,"Node429","wUbraTUfap|Sebastes_umbrosus|DLG3",0.4342887456,FALSE,FALSE,FALSE,FALSE,FALSE,FALSE,FALSE
412,946,"Node428","XQtzJgdrCC|Plectropomus_leopardus|DLG3",0.3045442931,FALSE,FALSE,FALSE,FALSE,FALSE,FALSE,FALSE
413,945,"Node427","CzpRXcekZG|Gadus_macrocephalus|DLG3",0.1806838969,FALSE,FALSE,FALSE,FALSE,FALSE,FALSE,FALSE
414,944,"Node426","gZwKzcCivN|Thunnus_albacares|DLG3",0.010336729,FALSE,FALSE,FALSE,FALSE,FALSE,FALSE,FALSE
415,943,"Node425","LpUREXeRip|Epinephelus_fuscoguttatus|DLG3",0.2329728834,FALSE,FALSE,FALSE,FALSE,FALSE,FALSE,FALSE
416,962,"Node444","kVLbSCDkmP|Sander_lucioperca|DLG3",0.0692250943,FALSE,FALSE,FALSE,FALSE,FALSE,FALSE,FALSE
417,962,"Node444","bNmuuMFoEW|Periophthalmus_magnuspinnatus|DLG3",0.1071227498,FALSE,FALSE,FALSE,FALSE,FALSE,FALSE,FALSE
418,961,"Node443","FzdKgIIOQg|Etheostoma_spectabile|DLG3",2.7472e-06,FALSE,FALSE,FALSE,FALSE,FALSE,FALSE,FALSE
419,960,"Node442","lxFikgqkCp|Mugilogobius_chulae|DLG3",0.0581051483,FALSE,FALSE,FALSE,FALSE,FALSE,FALSE,FALSE
420,941,"Node423","zzQtdhEnCS|Anguilla_anguilla|DLG3",2.6402e-06,FALSE,FALSE,FALSE,FALSE,FALSE,FALSE,FALSE
421,940,"Node422","ABsRZyLLlg|Thalassophryne_amazonica|DLG3",0.0584510404,FALSE,FALSE,FALSE,FALSE,FALSE,FALSE,FALSE
422,939,"Node421","eKUTnHXlxr|Nerophis_ophidion|DLG3",0.0584800337,FALSE,FALSE,FALSE,FALSE,FALSE,FALSE,FALSE
423,938,"Node420","jBKFqJAUiC|Acanthochromis_polyacanthus|DLG3",2.9079e-06,FALSE,FALSE,FALSE,FALSE,FALSE,FALSE,FALSE
424,937,"Node419","QwxZCXNFJz|Dunckerocampus_dactyliophorus|DLG3",2.4125e-06,FALSE,FALSE,FALSE,FALSE,FALSE,FALSE,FALSE
425,936,"Node418","XqwHYaQQIq|Eleginops_maclovinus|DLG3",2.9701e-06,FALSE,FALSE,FALSE,FALSE,FALSE,FALSE,FALSE
426,935,"Node417","qNQlRYWmuX|Pungitius_pungitius|DLG3",2.2589e-06,FALSE,FALSE,FALSE,FALSE,FALSE,FALSE,FALSE
427,934,"Node416","ixKROLpojw|Hypomesus_transpacificus|DLG3",2.0091e-06,FALSE,FALSE,FALSE,FALSE,FALSE,FALSE,FALSE
428,933,"Node415","XlMUZtvqek|Salarias_fasciatus|DLG3",2.8853e-06,FALSE,FALSE,FALSE,FALSE,FALSE,FALSE,FALSE
429,932,"Node414","UmWKhAJxVI|Hippoglossus_hippoglossus|DLG3",0.0584942159,FALSE,FALSE,FALSE,FALSE,FALSE,FALSE,FALSE
430,931,"Node413","aWWZpmRBym|Esox_lucius|DLG3",0.0584706232,FALSE,FALSE,FALSE,FALSE,FALSE,FALSE,FALSE
431,929,"Node411","puMlijqJoI|Danio_rerio|DLG3",0.5548972811,FALSE,FALSE,FALSE,FALSE,FALSE,FALSE,FALSE
432,928,"Node410","wKLlpUgjte|Paramisgurnus_dabryanus|DLG3",2.8809e-06,FALSE,FALSE,FALSE,FALSE,FALSE,FALSE,FALSE
433,927,"Node409","qUtTXzDgZQ|Pimephales_promelas|DLG3",2.1774e-06,FALSE,FALSE,FALSE,FALSE,FALSE,FALSE,FALSE
434,926,"Node408","YbUOOzbKrE|Triplophysa_dalaica|DLG3",0.2388752919,FALSE,FALSE,FALSE,FALSE,FALSE,FALSE,FALSE
435,925,"Node407","gIOSSfmCTd|Pimephales_promelas|DLG3",2.6047e-06,FALSE,FALSE,FALSE,FALSE,FALSE,FALSE,FALSE
436,964,"Node446","mjOWivwfcA|Xenopus_laevis|DLG3",0.1794168678,FALSE,FALSE,FALSE,FALSE,FALSE,FALSE,FALSE
437,965,"Node447","CEUuDNEwAB|Bufo_bufo|DLG3",0.0585659023,FALSE,FALSE,FALSE,FALSE,FALSE,FALSE,FALSE
438,965,"Node447","NYPqxhaQFe|Engystomops_pustulosus|DLG3",0.1186933794,FALSE,FALSE,FALSE,FALSE,FALSE,FALSE,FALSE
439,969,"Node451","nwpPfhCIKF|Homo_sapiens|DLG3",3.0021e-06,FALSE,FALSE,FALSE,FALSE,FALSE,FALSE,FALSE
440,979,"Node461","XEdmLnLUYV|Cynocephalus_volans|DLG3",2.7873e-06,FALSE,FALSE,FALSE,FALSE,FALSE,FALSE,FALSE
441,979,"Node461","grtmmjUcQZ|Talpa_occidentalis|DLG3",0.058246478,FALSE,FALSE,FALSE,FALSE,FALSE,FALSE,FALSE
442,978,"Node460","iewFozIYkH|Jaculus_jaculus|DLG3",0.0572445775,FALSE,FALSE,FALSE,FALSE,FALSE,FALSE,FALSE
443,977,"Node459","rxZRHDVqNy|Sus_scrofa|DLG3",0.06252778,FALSE,FALSE,FALSE,FALSE,FALSE,FALSE,FALSE
444,976,"Node458","MYBZVUqdMV|Gulo_gulo|DLG3",0.245336149,FALSE,FALSE,FALSE,FALSE,FALSE,FALSE,FALSE
445,980,"Node462","yZofsNLrrc|Rattus_norvegicus|DLG3",2.5836e-06,FALSE,FALSE,FALSE,FALSE,FALSE,FALSE,FALSE
446,981,"Node463","nYHAXwcxYC|Oryctolagus_cuniculus|DLG3",0.1183924436,FALSE,FALSE,FALSE,FALSE,FALSE,FALSE,FALSE
447,981,"Node463","glBRuktqnd|Orcinus_orca|DLG3",2.8574e-06,FALSE,FALSE,FALSE,FALSE,FALSE,FALSE,FALSE
448,974,"Node456","krQRtiEGOb|Echinops_telfairi|DLG3",0.0584863861,FALSE,FALSE,FALSE,FALSE,FALSE,FALSE,FALSE
449,983,"Node465","UtMbWLlbPz|Manis_pentadactyla|DLG3",0.1773224104,FALSE,FALSE,FALSE,FALSE,FALSE,FALSE,FALSE
450,983,"Node465","qzkojrsmJm|Halichoerus_grypus|DLG3",2.3269e-06,FALSE,FALSE,FALSE,FALSE,FALSE,FALSE,FALSE
451,982,"Node464","zarJXXjlXA|Bos_mutus|DLG3",1.804e-06,FALSE,FALSE,FALSE,FALSE,FALSE,FALSE,FALSE
452,972,"Node454","JJuOWxDjbS|Diceros_bicornis_minor|DLG3",1.804e-06,FALSE,FALSE,FALSE,FALSE,FALSE,FALSE,FALSE
453,971,"Node453","IMqUAmWDHa|Rhinolophus_ferrumequinum|DLG3",1.804e-06,FALSE,FALSE,FALSE,FALSE,FALSE,FALSE,FALSE
454,970,"Node452","FGWWMyTAUb|Otolemur_garnettii|DLG3",0.0584137737,FALSE,FALSE,FALSE,FALSE,FALSE,FALSE,FALSE
455,989,"Node471","NIGQbjjvnb|Equus_burchellii_quagga|DLG3",0.0588431307,FALSE,FALSE,FALSE,FALSE,FALSE,FALSE,FALSE
456,989,"Node471","DuBiecgjVB|Cavia_porcellus|DLG3",1.8038e-06,FALSE,FALSE,FALSE,FALSE,FALSE,FALSE,FALSE
457,988,"Node470","nceLoUsqhH|Cricetulus_griseus|DLG3",1.804e-06,FALSE,FALSE,FALSE,FALSE,FALSE,FALSE,FALSE
458,987,"Node469","FoUfSKNfxa|Ictidomys_tridecemlineatus|DLG3",1.804e-06,FALSE,FALSE,FALSE,FALSE,FALSE,FALSE,FALSE
459,986,"Node468","OhsMxtbDVQ|Nannospalax_galili|DLG3",2.9271e-06,FALSE,FALSE,FALSE,FALSE,FALSE,FALSE,FALSE
460,985,"Node467","urdyfedqMq|Castor_canadensis|DLG3",0.4332736818,FALSE,FALSE,FALSE,FALSE,FALSE,FALSE,FALSE
461,984,"Node466","UdPIzRAThP|Camelus_bactrianus|DLG3",1.804e-06,FALSE,FALSE,FALSE,FALSE,FALSE,FALSE,FALSE
462,967,"Node449","cdtCTxKJKu|Panthera_tigris|DLG3",1.804e-06,FALSE,FALSE,FALSE,FALSE,FALSE,FALSE,FALSE
463,966,"Node448","WoBHlYVhnP|Phascolarctos_cinereus|DLG3",2.9795e-06,FALSE,FALSE,FALSE,FALSE,FALSE,FALSE,FALSE
464,921,"Node403","yJShndtueo|Aquila_chrysaetos_chrysaetos|DLG3",1.804e-06,FALSE,FALSE,FALSE,FALSE,FALSE,FALSE,FALSE
465,527,"Node9","gzwUGnNxDT|Odontophorus_gujanensis|DLG3",0.1075682651,FALSE,TRUE,FALSE,FALSE,FALSE,FALSE,FALSE
466,526,"Node8","HUkuGuMyvt|Chunga_burmeisteri|DLG3",0.1591963873,FALSE,TRUE,FALSE,FALSE,FALSE,FALSE,FALSE
467,525,"Node7","kJqajXfXHg|Rostratula_benghalensis|DLG3",0.0678701329,FALSE,TRUE,FALSE,FALSE,FALSE,FALSE,TRUE
468,524,"Node6","OEmcLwklYl|Rissa_tridactyla|DLG3",0.1209605189,FALSE,TRUE,FALSE,TRUE,FALSE,FALSE,FALSE
469,523,"Node5","ukYFkMNmrM|Grus_japonensis|DLG3",0.1639422989,TRUE,TRUE,TRUE,FALSE,FALSE,FALSE,FALSE
470,522,"Node4","mFBpOJQmWI|Herpetotheres_cachinnans|DLG3",2.8179e-06,FALSE,FALSE,FALSE,FALSE,FALSE,FALSE,FALSE
471,996,"Node478","xhExYNsXGO|Tachyglossus_aculeatus|DLG3",0.0190224768,FALSE,FALSE,FALSE,FALSE,FALSE,FALSE,FALSE
472,997,"Node479","qXOzskvmNI|Orthonyx_spaldingii|DLG3",0.1031363669,FALSE,FALSE,FALSE,FALSE,FALSE,FALSE,FALSE
473,1009,"Node491","GKCEuyLtxP|Vidua_chalybeata|DLG3",0.2427400469,FALSE,FALSE,FALSE,FALSE,FALSE,FALSE,FALSE
474,1009,"Node491","CbEYKbZfXz|Vidua_chalybeata|DLG3",0.0567228581,FALSE,FALSE,FALSE,FALSE,FALSE,FALSE,FALSE
475,1015,"Node497","PuEacoOVPG|Onychorhynchus_coronatus|DLG3",0.2857663982,FALSE,FALSE,FALSE,FALSE,FALSE,FALSE,FALSE
476,1019,"Node501","YUOHpDydZr|Chaetorhynchus_papuensis|DLG3",0.0570923197,FALSE,FALSE,FALSE,FALSE,FALSE,FALSE,FALSE
477,1020,"Node502","xrUrcumPMI|Malurus_elegans|DLG3",0.0571473708,FALSE,FALSE,FALSE,FALSE,FALSE,FALSE,FALSE
478,1022,"Node504","gCGEYURSfZ|Electrophorus_electricus|DLG3",0.0691819091,FALSE,FALSE,FALSE,FALSE,FALSE,FALSE,FALSE
479,1025,"Node507","QMvSlCRftS|Chanos_chanos|DLG3",2.7476e-06,FALSE,FALSE,FALSE,FALSE,FALSE,FALSE,FALSE
480,1025,"Node507","LXEmiZyCWO|Denticeps_clupeoides|DLG3",0.0619896965,FALSE,FALSE,FALSE,FALSE,FALSE,FALSE,FALSE
481,1026,"Node508","rLGlxVqFEK|Colossoma_macropomum|DLG3",0.3131269324,FALSE,FALSE,FALSE,FALSE,FALSE,FALSE,FALSE
482,1026,"Node508","KlxlmLcXqS|Seriola_lalandi_dorsalis|DLG3",0.0553117327,FALSE,FALSE,FALSE,FALSE,FALSE,FALSE,FALSE
483,1023,"Node505","sVFNeBIGWt|Denticeps_clupeoides|DLG3",0.0583596444,FALSE,FALSE,FALSE,FALSE,FALSE,FALSE,FALSE
484,1028,"Node510","gSkpOFVJTg|Latimeria_chalumnae|DLG3",0.0579664195,FALSE,FALSE,FALSE,FALSE,FALSE,FALSE,FALSE
485,1028,"Node510","rbDtJSLITr|Polyodon_spathula|DLG3",0.2626134665,FALSE,FALSE,FALSE,FALSE,FALSE,FALSE,FALSE
486,1029,"Node511","uztGzYPZul|Acipenser_ruthenus|DLG3",2.4139e-06,FALSE,FALSE,FALSE,FALSE,FALSE,FALSE,FALSE
487,1029,"Node511","TWqmPRIimS|Amia_calva|DLG3",2.6195e-06,FALSE,FALSE,FALSE,FALSE,FALSE,FALSE,FALSE
488,1018,"Node500","qEQivuhsQB|Acrocephalus_arundinaceus|DLG3",2.7696e-06,FALSE,FALSE,FALSE,FALSE,FALSE,FALSE,FALSE
489,1017,"Node499","MwYhPvHxmE|Chaetops_frenatus|DLG3",2.0544e-06,FALSE,FALSE,FALSE,FALSE,FALSE,FALSE,FALSE
490,1016,"Node498","kbYSYzxYzD|Notiomystis_cincta|DLG3",0.0593378164,FALSE,FALSE,FALSE,FALSE,FALSE,FALSE,FALSE
491,1014,"Node496","ytHZDrYoOY|Peucedramus_taeniatus|DLG3",0.1168988069,FALSE,FALSE,FALSE,FALSE,FALSE,FALSE,FALSE
492,1013,"Node495","DxHTYCFDuz|Cnemophilus_loriae|DLG3",0.1178670046,FALSE,FALSE,FALSE,FALSE,FALSE,FALSE,FALSE
493,1012,"Node494","GJdJMINQHq|Cyanistes_caeruleus|DLG3",0.0581698661,FALSE,FALSE,FALSE,FALSE,FALSE,FALSE,FALSE
494,1011,"Node493","dHDWhBVzGX|Polypterus_senegalus|DLG3",2.698e-06,FALSE,FALSE,FALSE,FALSE,FALSE,FALSE,FALSE
495,1010,"Node492","HSGfMBZyuv|Zonotrichia_albicollis|DLG3",0.0584633088,FALSE,FALSE,FALSE,FALSE,FALSE,FALSE,FALSE
496,1007,"Node489","OqggzoxrMJ|Melanocharis_versteri|DLG3",2.057e-06,FALSE,FALSE,FALSE,FALSE,FALSE,FALSE,FALSE
497,1006,"Node488","sFxCgZyIUK|Malurus_melanocephalus|DLG3",0.0587543336,FALSE,FALSE,FALSE,FALSE,FALSE,FALSE,FALSE
498,1005,"Node487","OrufFVjWvP|Prunella_himalayana|DLG3",2.8487e-06,FALSE,FALSE,FALSE,FALSE,FALSE,FALSE,FALSE
499,1004,"Node486","KFkIMkUapp|Drymodes_brunneopygia|DLG3",1.804e-06,FALSE,FALSE,FALSE,FALSE,FALSE,FALSE,FALSE
500,1003,"Node485","bNoJduJVMA|Ptilonorhynchus_violaceus|DLG3",1.804e-06,FALSE,FALSE,FALSE,FALSE,FALSE,FALSE,FALSE
501,1002,"Node484","BMUftokLIv|Patagioenas_fasciata_monilis|DLG3",0.0589422532,FALSE,FALSE,FALSE,FALSE,FALSE,FALSE,FALSE
502,1001,"Node483","DhtwHWQwoC|Dicaeum_eximium|DLG3",0.0581602218,FALSE,FALSE,FALSE,FALSE,FALSE,FALSE,FALSE
503,1000,"Node482","NoTyrxXnwJ|Columba_guinea|DLG3",1.8038e-06,FALSE,FALSE,FALSE,FALSE,FALSE,FALSE,FALSE
504,999,"Node481","lRDsErRYpl|Myiozetetes_cayanensis|DLG3",2.1116e-06,FALSE,FALSE,FALSE,FALSE,FALSE,FALSE,FALSE
505,998,"Node480","bRxUdZPekC|Menura_novaehollandiae|DLG3",1.8038e-06,FALSE,FALSE,FALSE,FALSE,FALSE,FALSE,FALSE
506,995,"Node477","naiDCPWOoD|Urocolius_indicus|DLG3",1.8038e-06,FALSE,FALSE,FALSE,FALSE,FALSE,FALSE,FALSE
507,994,"Node476","ZmLsacGZWG|Cygnus_atratus|DLG3",2.5432e-06,FALSE,FALSE,FALSE,FALSE,FALSE,FALSE,FALSE
508,993,"Node475","daJCfyubbL|Amazona_guildingii|DLG3",0.0581208262,FALSE,FALSE,FALSE,FALSE,FALSE,FALSE,FALSE
509,992,"Node474","VHJDmRVFPz|Oceanites_oceanicus|DLG3",2.338e-06,FALSE,FALSE,FALSE,FALSE,FALSE,FALSE,FALSE
510,1032,"Node514","fHEIRkVKdX|Tiliqua_scincoides|DLG3",0.058169177,FALSE,FALSE,FALSE,FALSE,FALSE,FALSE,FALSE
511,1032,"Node514","iBwCZrWABZ|Lerista_edwardsae|DLG3",0.0581133037,FALSE,FALSE,FALSE,FALSE,FALSE,FALSE,FALSE
512,1031,"Node513","AJmpUJAJQx|Rhineura_floridana|DLG3",1.804e-06,FALSE,FALSE,FALSE,FALSE,FALSE,FALSE,FALSE
513,1033,"Node515","cOnwRUzxva|Pogona_vitticeps|DLG3",1.804e-06,FALSE,FALSE,FALSE,FALSE,FALSE,FALSE,FALSE
514,1033,"Node515","fpmwvKXyBJ|Eublepharis_macularius|DLG3",1.8038e-06,FALSE,FALSE,FALSE,FALSE,FALSE,FALSE,FALSE
515,990,"Node472","iXqLvCSKoq|Calypte_anna|DLG3",1.804e-06,FALSE,FALSE,FALSE,FALSE,FALSE,FALSE,FALSE
516,1034,"Node516","WmaiVnXsgD|Alligator_sinensis|DLG3",1.8038e-06,FALSE,FALSE,FALSE,FALSE,FALSE,FALSE,FALSE
517,1034,"Node516","HesvcYsrMB|Chelydra_serpentina|DLG3",1.804e-06,FALSE,FALSE,FALSE,FALSE,FALSE,FALSE,FALSE
518,519,"Node1","trohMPzuFu|Microcaecilia_unicolor|DLG3",1.804e-06,FALSE,TRUE,FALSE,FALSE,FALSE,TRUE,FALSE
520,519,"Node1","Node2",1.804e-06,FALSE,TRUE,FALSE,FALSE,FALSE,TRUE,FALSE
521,520,"Node2","Node3",2.6149e-06,FALSE,TRUE,FALSE,FALSE,FALSE,FALSE,FALSE
522,521,"Node3","Node4",2.1522e-06,FALSE,TRUE,FALSE,FALSE,FALSE,FALSE,FALSE
523,522,"Node4","Node5",1.804e-06,FALSE,FALSE,FALSE,FALSE,FALSE,FALSE,FALSE
524,523,"Node5","Node6",1.804e-06,TRUE,TRUE,TRUE,FALSE,FALSE,FALSE,FALSE
525,524,"Node6","Node7",1.804e-06,FALSE,TRUE,FALSE,TRUE,FALSE,FALSE,FALSE
526,525,"Node7","Node8",0.058905842,FALSE,TRUE,FALSE,FALSE,FALSE,FALSE,TRUE
527,526,"Node8","Node9",0.118112453,FALSE,TRUE,FALSE,FALSE,FALSE,FALSE,FALSE
528,527,"Node9","Node10",0.248162291,FALSE,TRUE,FALSE,FALSE,FALSE,FALSE,FALSE
529,528,"Node10","Node11",2.3488e-06,FALSE,TRUE,FALSE,FALSE,FALSE,FALSE,FALSE
530,529,"Node11","Node12",0.0583132199,FALSE,TRUE,FALSE,FALSE,FALSE,FALSE,FALSE
531,530,"Node12","Node13",0.1174719801,FALSE,TRUE,FALSE,FALSE,FALSE,FALSE,FALSE
532,531,"Node13","Node14",0.0570683406,FALSE,TRUE,FALSE,FALSE,FALSE,FALSE,FALSE
533,532,"Node14","Node15",0.1695318039,FALSE,TRUE,FALSE,FALSE,FALSE,FALSE,FALSE
534,533,"Node15","Node16",1.804e-06,FALSE,TRUE,FALSE,FALSE,FALSE,FALSE,FALSE
535,534,"Node16","Node17",2.0766e-06,FALSE,TRUE,FALSE,FALSE,FALSE,FALSE,FALSE
536,535,"Node17","Node18",0.2256617763,FALSE,TRUE,FALSE,FALSE,FALSE,FALSE,FALSE
537,536,"Node18","Node19",0.6830688032,FALSE,TRUE,FALSE,FALSE,FALSE,FALSE,FALSE
538,537,"Node19","Node20",0.561918396,FALSE,TRUE,FALSE,FALSE,FALSE,TRUE,FALSE
539,538,"Node20","Node21",0.6615573262,FALSE,TRUE,FALSE,FALSE,FALSE,TRUE,FALSE
540,539,"Node21","Node22",0.794352298,FALSE,TRUE,FALSE,FALSE,FALSE,TRUE,FALSE
541,540,"Node22","Node23",0.5015961412,FALSE,TRUE,FALSE,FALSE,FALSE,TRUE,FALSE
542,541,"Node23","Node24",1.0050004899,FALSE,TRUE,FALSE,FALSE,FALSE,TRUE,FALSE
543,541,"Node23","Node25",0.0854577125,FALSE,TRUE,FALSE,FALSE,FALSE,TRUE,FALSE
544,538,"Node20","Node26",0.0898874204,FALSE,TRUE,FALSE,FALSE,FALSE,TRUE,FALSE
545,544,"Node26","Node27",0.9215629819,FALSE,TRUE,FALSE,FALSE,FALSE,TRUE,FALSE
546,545,"Node27","Node28",0.0954248877,FALSE,TRUE,FALSE,FALSE,FALSE,TRUE,FALSE
547,546,"Node28","Node29",0.1039183373,FALSE,TRUE,FALSE,FALSE,FALSE,TRUE,FALSE
548,547,"Node29","Node30",0.7937909753,FALSE,TRUE,FALSE,FALSE,FALSE,TRUE,FALSE
549,546,"Node28","Node31",0.1421174588,FALSE,TRUE,FALSE,FALSE,FALSE,TRUE,FALSE
550,549,"Node31","Node32",2.7174e-06,FALSE,TRUE,FALSE,FALSE,FALSE,FALSE,FALSE
551,536,"Node18","Node33",0.3171694405,FALSE,TRUE,FALSE,FALSE,FALSE,FALSE,FALSE
552,551,"Node33","Node34",2.4644e-06,FALSE,TRUE,FALSE,TRUE,FALSE,FALSE,FALSE
553,552,"Node34","Node35",0.119527742,FALSE,TRUE,FALSE,TRUE,FALSE,FALSE,FALSE
554,553,"Node35","Node36",0.342476179,FALSE,TRUE,FALSE,FALSE,TRUE,FALSE,FALSE
555,554,"Node36","Node37",0.4742646358,FALSE,TRUE,FALSE,FALSE,TRUE,FALSE,FALSE
556,555,"Node37","Node38",0.2251020328,FALSE,TRUE,FALSE,FALSE,TRUE,FALSE,FALSE
557,556,"Node38","Node39",0.3922899649,FALSE,TRUE,FALSE,FALSE,TRUE,FALSE,FALSE
558,557,"Node39","Node40",0.1829784701,FALSE,TRUE,FALSE,FALSE,TRUE,FALSE,FALSE
559,558,"Node40","Node41",0.6127080358,FALSE,TRUE,FALSE,TRUE,FALSE,FALSE,FALSE
560,559,"Node41","Node42",0.1373442743,FALSE,TRUE,FALSE,TRUE,FALSE,FALSE,FALSE
561,560,"Node42","Node43",0.3108202939,FALSE,TRUE,FALSE,TRUE,FALSE,FALSE,FALSE
562,561,"Node43","Node44",0.1373855729,TRUE,TRUE,TRUE,FALSE,FALSE,FALSE,FALSE
563,562,"Node44","Node45",0.5740005761,TRUE,TRUE,TRUE,FALSE,FALSE,FALSE,FALSE
564,563,"Node45","Node46",0.0584033773,FALSE,TRUE,FALSE,FALSE,FALSE,FALSE,FALSE
565,561,"Node43","Node47",0.3195302167,TRUE,TRUE,TRUE,FALSE,FALSE,FALSE,FALSE
566,565,"Node47","Node48",0.1258613272,TRUE,TRUE,TRUE,FALSE,FALSE,FALSE,FALSE
567,566,"Node48","Node49",0.1933129829,TRUE,TRUE,TRUE,FALSE,FALSE,FALSE,FALSE
568,565,"Node47","Node50",0.4239628656,TRUE,TRUE,TRUE,FALSE,FALSE,FALSE,FALSE
569,568,"Node50","Node51",0.1470625912,TRUE,TRUE,TRUE,FALSE,FALSE,FALSE,FALSE
570,569,"Node51","Node52",0.0643427695,TRUE,TRUE,TRUE,FALSE,FALSE,FALSE,FALSE
571,570,"Node52","Node53",0.1201196493,TRUE,TRUE,TRUE,FALSE,FALSE,FALSE,FALSE
572,571,"Node53","Node54",0.6620793125,TRUE,TRUE,TRUE,FALSE,FALSE,FALSE,FALSE
573,572,"Node54","Node55",0.3922481731,TRUE,TRUE,TRUE,FALSE,FALSE,FALSE,FALSE
574,573,"Node55","Node56",0.232182596,TRUE,TRUE,TRUE,FALSE,FALSE,FALSE,FALSE
575,573,"Node55","Node57",0.0575586406,TRUE,TRUE,TRUE,FALSE,FALSE,FALSE,FALSE
576,575,"Node57","Node58",2.5398e-06,TRUE,TRUE,TRUE,FALSE,FALSE,FALSE,FALSE
577,568,"Node50","Node59",0.3722856595,TRUE,TRUE,TRUE,FALSE,FALSE,FALSE,FALSE
578,559,"Node41","Node60",0.0606583117,FALSE,TRUE,FALSE,TRUE,FALSE,FALSE,FALSE
579,556,"Node38","Node61",2.7964e-06,FALSE,TRUE,FALSE,FALSE,TRUE,FALSE,FALSE
580,579,"Node61","Node62",0.05814364,FALSE,TRUE,FALSE,FALSE,TRUE,FALSE,FALSE
581,580,"Node62","Node63",0.1857150704,FALSE,TRUE,FALSE,FALSE,TRUE,FALSE,FALSE
582,581,"Node63","Node64",0.1215602482,FALSE,TRUE,FALSE,FALSE,FALSE,FALSE,TRUE
583,582,"Node64","Node65",0.1224627322,FALSE,TRUE,FALSE,FALSE,FALSE,FALSE,TRUE
584,579,"Node61","Node66",0.0628100199,FALSE,TRUE,FALSE,FALSE,TRUE,FALSE,FALSE
585,584,"Node66","Node67",0.1815144845,FALSE,TRUE,FALSE,FALSE,FALSE,FALSE,FALSE
586,585,"Node67","Node68",0.191775801,FALSE,TRUE,FALSE,FALSE,FALSE,FALSE,FALSE
587,585,"Node67","Node69",0.3945312603,FALSE,TRUE,FALSE,FALSE,FALSE,FALSE,FALSE
588,555,"Node37","Node70",1.1007664245,FALSE,TRUE,FALSE,FALSE,TRUE,FALSE,FALSE
589,588,"Node70","Node71",0.4393131661,FALSE,TRUE,FALSE,FALSE,TRUE,FALSE,FALSE
590,554,"Node36","Node72",0.8478518612,FALSE,TRUE,FALSE,FALSE,TRUE,FALSE,FALSE
591,553,"Node35","Node73",2.502e-06,FALSE,TRUE,FALSE,FALSE,TRUE,FALSE,FALSE
592,591,"Node73","Node74",0.0800351382,FALSE,TRUE,FALSE,FALSE,TRUE,FALSE,FALSE
593,592,"Node74","Node75",0.2809543523,FALSE,TRUE,FALSE,FALSE,TRUE,FALSE,FALSE
594,593,"Node75","Node76",1.1633909388,FALSE,TRUE,FALSE,FALSE,TRUE,FALSE,FALSE
595,593,"Node75","Node77",0.3653716394,FALSE,TRUE,FALSE,FALSE,TRUE,FALSE,FALSE
596,595,"Node77","Node78",0.5689081831,FALSE,TRUE,FALSE,FALSE,TRUE,FALSE,FALSE
597,596,"Node78","Node79",0.2307153955,FALSE,TRUE,FALSE,FALSE,TRUE,FALSE,FALSE
598,597,"Node79","Node80",0.1815410838,FALSE,TRUE,FALSE,FALSE,TRUE,FALSE,FALSE
599,598,"Node80","Node81",1.804e-06,FALSE,TRUE,FALSE,FALSE,TRUE,FALSE,FALSE
600,599,"Node81","Node82",0.0578647485,FALSE,TRUE,FALSE,FALSE,FALSE,FALSE,TRUE
601,596,"Node78","Node83",0.3919308255,FALSE,TRUE,FALSE,FALSE,TRUE,FALSE,FALSE
602,601,"Node83","Node84",0.6648844517,FALSE,TRUE,FALSE,FALSE,TRUE,FALSE,FALSE
603,602,"Node84","Node85",0.0772869335,FALSE,TRUE,FALSE,FALSE,TRUE,FALSE,FALSE
604,603,"Node85","Node86",2.4422e-06,FALSE,TRUE,FALSE,FALSE,TRUE,FALSE,FALSE
605,604,"Node86","Node87",0.5690890985,FALSE,TRUE,FALSE,FALSE,TRUE,FALSE,FALSE
606,605,"Node87","Node88",0.1364173423,FALSE,TRUE,FALSE,FALSE,TRUE,FALSE,FALSE
607,552,"Node34","Node89",0.4718571041,FALSE,TRUE,FALSE,TRUE,FALSE,FALSE,FALSE
608,535,"Node17","Node90",0.0561543885,FALSE,TRUE,FALSE,FALSE,FALSE,FALSE,FALSE
609,608,"Node90","Node91",0.1251816886,FALSE,TRUE,FALSE,FALSE,FALSE,FALSE,FALSE
610,608,"Node90","Node92",0.3026104993,FALSE,TRUE,FALSE,FALSE,FALSE,FALSE,FALSE
611,610,"Node92","Node93",0.041694147,FALSE,TRUE,FALSE,FALSE,FALSE,FALSE,FALSE
612,611,"Node93","Node94",0.1355459299,FALSE,TRUE,FALSE,FALSE,FALSE,FALSE,FALSE
613,612,"Node94","Node95",0.2535124399,FALSE,TRUE,FALSE,FALSE,FALSE,FALSE,FALSE
614,613,"Node95","Node96",0.1247039857,FALSE,TRUE,FALSE,FALSE,FALSE,FALSE,FALSE
615,614,"Node96","Node97",0.1841754964,FALSE,TRUE,FALSE,FALSE,FALSE,FALSE,FALSE
616,615,"Node97","Node98",0.1849356796,FALSE,TRUE,FALSE,FALSE,FALSE,FALSE,FALSE
617,616,"Node98","Node99",0.1746184459,FALSE,TRUE,FALSE,FALSE,FALSE,FALSE,FALSE
618,617,"Node99","Node100",0.1863174562,FALSE,TRUE,FALSE,FALSE,FALSE,FALSE,FALSE
619,618,"Node100","Node101",0.1727069605,FALSE,TRUE,FALSE,FALSE,FALSE,FALSE,FALSE
620,619,"Node101","Node102",0.3740520269,FALSE,TRUE,FALSE,FALSE,FALSE,FALSE,FALSE
621,620,"Node102","Node103",0.4377178793,FALSE,TRUE,FALSE,FALSE,FALSE,FALSE,FALSE
622,621,"Node103","Node104",0.1189666815,FALSE,TRUE,FALSE,FALSE,FALSE,FALSE,FALSE
623,617,"Node99","Node105",0.0971701896,FALSE,TRUE,FALSE,FALSE,FALSE,FALSE,FALSE
624,623,"Node105","Node106",0.3081665161,FALSE,TRUE,FALSE,FALSE,FALSE,FALSE,FALSE
625,623,"Node105","Node107",0.1822650775,FALSE,TRUE,FALSE,FALSE,FALSE,FALSE,FALSE
626,615,"Node97","Node108",0.2236285673,FALSE,TRUE,FALSE,FALSE,FALSE,FALSE,FALSE
627,614,"Node96","Node109",0.5330167828,FALSE,TRUE,FALSE,FALSE,FALSE,FALSE,FALSE
628,627,"Node109","Node110",0.3665411013,FALSE,TRUE,FALSE,FALSE,FALSE,FALSE,FALSE
629,628,"Node110","Node111",0.0633233933,FALSE,TRUE,FALSE,FALSE,FALSE,FALSE,FALSE
630,613,"Node95","Node112",0.0610615573,FALSE,TRUE,FALSE,FALSE,FALSE,FALSE,FALSE
631,630,"Node112","Node113",0.0570502911,FALSE,TRUE,FALSE,FALSE,FALSE,FALSE,FALSE
632,612,"Node94","Node114",0.0654562596,FALSE,TRUE,FALSE,FALSE,FALSE,FALSE,FALSE
633,632,"Node114","Node115",0.1741979441,FALSE,TRUE,FALSE,FALSE,FALSE,FALSE,FALSE
634,633,"Node115","Node116",2.5343e-06,FALSE,TRUE,FALSE,FALSE,FALSE,FALSE,FALSE
635,634,"Node116","Node117",0.0607268328,FALSE,TRUE,FALSE,FALSE,FALSE,FALSE,FALSE
636,635,"Node117","Node118",0.1280789855,FALSE,TRUE,FALSE,FALSE,FALSE,FALSE,FALSE
637,634,"Node116","Node119",0.0604724329,FALSE,TRUE,FALSE,FALSE,FALSE,FALSE,FALSE
638,637,"Node119","Node120",0.5497528842,FALSE,TRUE,FALSE,FALSE,FALSE,FALSE,FALSE
639,638,"Node120","Node121",0.8119329299,FALSE,TRUE,FALSE,FALSE,FALSE,FALSE,FALSE
640,639,"Node121","Node122",0.3358139215,FALSE,TRUE,FALSE,FALSE,FALSE,FALSE,FALSE
641,611,"Node93","Node123",0.6680190693,FALSE,TRUE,FALSE,FALSE,FALSE,FALSE,FALSE
642,641,"Node123","Node124",0.1204797883,FALSE,TRUE,FALSE,FALSE,FALSE,FALSE,FALSE
643,610,"Node92","Node125",0.5625900744,FALSE,TRUE,FALSE,FALSE,FALSE,FALSE,FALSE
644,643,"Node125","Node126",0.2822634745,FALSE,TRUE,FALSE,FALSE,FALSE,FALSE,FALSE
645,644,"Node126","Node127",0.1117459545,FALSE,TRUE,FALSE,FALSE,FALSE,FALSE,FALSE
646,645,"Node127","Node128",0.5813323831,FALSE,TRUE,FALSE,FALSE,FALSE,FALSE,FALSE
647,646,"Node128","Node129",0.2535830484,FALSE,TRUE,FALSE,FALSE,FALSE,FALSE,FALSE
648,645,"Node127","Node130",0.0615352988,FALSE,TRUE,FALSE,FALSE,FALSE,FALSE,FALSE
649,648,"Node130","Node131",0.060568667,FALSE,TRUE,FALSE,FALSE,FALSE,FALSE,FALSE
650,649,"Node131","Node132",0.1617412764,FALSE,TRUE,FALSE,FALSE,FALSE,FALSE,FALSE
651,650,"Node132","Node133",0.4818733601,FALSE,TRUE,FALSE,FALSE,FALSE,FALSE,FALSE
652,649,"Node131","Node134",0.1518747469,FALSE,TRUE,FALSE,FALSE,FALSE,FALSE,FALSE
653,652,"Node134","Node135",0.5509282626,FALSE,TRUE,FALSE,FALSE,FALSE,FALSE,FALSE
654,644,"Node126","Node136",0.3010903329,FALSE,TRUE,FALSE,FALSE,FALSE,FALSE,FALSE
655,654,"Node136","Node137",0.5120077641,FALSE,TRUE,FALSE,FALSE,FALSE,FALSE,FALSE
656,643,"Node125","Node138",0.2535344169,FALSE,TRUE,FALSE,FALSE,FALSE,FALSE,FALSE
657,656,"Node138","Node139",0.121231412,FALSE,TRUE,FALSE,FALSE,FALSE,FALSE,FALSE
658,534,"Node16","Node140",0.0599723278,FALSE,TRUE,FALSE,FALSE,FALSE,FALSE,FALSE
659,658,"Node140","Node141",0.1194030455,FALSE,FALSE,FALSE,FALSE,FALSE,FALSE,FALSE
660,659,"Node141","Node142",0.5902072731,FALSE,FALSE,FALSE,FALSE,FALSE,FALSE,FALSE
661,660,"Node142","Node143",0.2291842344,FALSE,FALSE,FALSE,FALSE,FALSE,FALSE,FALSE
662,661,"Node143","Node144",0.1779497949,FALSE,FALSE,FALSE,FALSE,FALSE,FALSE,FALSE
663,662,"Node144","Node145",2.8967e-06,FALSE,TRUE,FALSE,FALSE,FALSE,FALSE,FALSE
664,663,"Node145","Node146",0.0589231033,FALSE,TRUE,FALSE,FALSE,FALSE,FALSE,FALSE
665,664,"Node146","Node147",2.2058e-06,FALSE,TRUE,FALSE,FALSE,FALSE,FALSE,FALSE
666,665,"Node147","Node148",0.0558298217,FALSE,TRUE,FALSE,FALSE,FALSE,FALSE,FALSE
667,666,"Node148","Node149",0.0624218656,FALSE,TRUE,FALSE,FALSE,FALSE,FALSE,FALSE
668,667,"Node149","Node150",0.0505392614,FALSE,TRUE,FALSE,FALSE,FALSE,FALSE,FALSE
669,668,"Node150","Node151",0.5103488244,FALSE,TRUE,FALSE,FALSE,FALSE,FALSE,FALSE
670,669,"Node151","Node152",0.2586636223,FALSE,TRUE,FALSE,FALSE,FALSE,FALSE,FALSE
671,670,"Node152","Node153",0.0590722059,FALSE,TRUE,FALSE,FALSE,FALSE,FALSE,FALSE
672,671,"Node153","Node154",0.2451259615,FALSE,TRUE,FALSE,FALSE,FALSE,FALSE,FALSE
673,672,"Node154","Node155",0.309474904,FALSE,TRUE,FALSE,FALSE,FALSE,FALSE,FALSE
674,673,"Node155","Node156",2.8581e-06,FALSE,TRUE,FALSE,FALSE,FALSE,FALSE,FALSE
675,674,"Node156","Node157",0.2400739029,FALSE,TRUE,FALSE,FALSE,FALSE,FALSE,FALSE
676,675,"Node157","Node158",0.0381851441,FALSE,TRUE,FALSE,FALSE,FALSE,FALSE,FALSE
677,676,"Node158","Node159",0.1512237406,FALSE,TRUE,FALSE,FALSE,FALSE,FALSE,FALSE
678,677,"Node159","Node160",0.3544352278,FALSE,TRUE,FALSE,FALSE,FALSE,FALSE,FALSE
679,675,"Node157","Node161",0.0636166732,FALSE,TRUE,FALSE,FALSE,FALSE,FALSE,FALSE
680,679,"Node161","Node162",0.1667989495,FALSE,TRUE,FALSE,FALSE,FALSE,FALSE,FALSE
681,680,"Node162","Node163",2.3067e-06,FALSE,TRUE,FALSE,FALSE,FALSE,FALSE,FALSE
682,681,"Node163","Node164",0.0598931541,FALSE,TRUE,FALSE,FALSE,FALSE,FALSE,FALSE
683,682,"Node164","Node165",0.1197678599,FALSE,TRUE,FALSE,FALSE,FALSE,FALSE,FALSE
684,683,"Node165","Node166",2.6035e-06,FALSE,TRUE,FALSE,FALSE,FALSE,FALSE,FALSE
685,684,"Node166","Node167",0.0578218696,FALSE,TRUE,FALSE,FALSE,FALSE,FALSE,FALSE
686,685,"Node167","Node168",0.2266155926,FALSE,FALSE,FALSE,FALSE,FALSE,FALSE,FALSE
687,686,"Node168","Node169",0.4996970319,FALSE,FALSE,FALSE,FALSE,FALSE,FALSE,FALSE
688,683,"Node165","Node170",0.1469541622,FALSE,TRUE,FALSE,FALSE,FALSE,FALSE,FALSE
689,688,"Node170","Node171",0.1225039139,FALSE,TRUE,FALSE,FALSE,FALSE,FALSE,FALSE
690,689,"Node171","Node172",0.1238746419,FALSE,TRUE,FALSE,FALSE,FALSE,FALSE,FALSE
691,690,"Node172","Node173",0.1789730795,FALSE,TRUE,FALSE,FALSE,FALSE,FALSE,FALSE
692,691,"Node173","Node174",0.1191019943,FALSE,TRUE,FALSE,FALSE,FALSE,FALSE,FALSE
693,692,"Node174","Node175",2.0773e-06,FALSE,TRUE,FALSE,FALSE,FALSE,FALSE,FALSE
694,693,"Node175","Node176",0.0639822051,FALSE,FALSE,FALSE,FALSE,FALSE,FALSE,FALSE
695,692,"Node174","Node177",0.2454465196,FALSE,TRUE,FALSE,FALSE,FALSE,FALSE,FALSE
696,682,"Node164","Node178",0.0545955136,FALSE,TRUE,FALSE,FALSE,FALSE,FALSE,FALSE
697,696,"Node178","Node179",0.178682991,FALSE,TRUE,FALSE,FALSE,FALSE,FALSE,FALSE
698,697,"Node179","Node180",0.6889041948,FALSE,TRUE,FALSE,FALSE,FALSE,FALSE,FALSE
699,698,"Node180","Node181",0.5071382887,FALSE,TRUE,FALSE,FALSE,FALSE,FALSE,FALSE
700,699,"Node181","Node182",0.8899208296,FALSE,TRUE,FALSE,FALSE,FALSE,FALSE,FALSE
701,700,"Node182","Node183",0.536093184,FALSE,TRUE,FALSE,FALSE,FALSE,FALSE,FALSE
702,701,"Node183","Node184",0.3844270698,FALSE,TRUE,FALSE,FALSE,FALSE,FALSE,FALSE
703,702,"Node184","Node185",0.0406573309,FALSE,FALSE,FALSE,FALSE,FALSE,FALSE,FALSE
704,703,"Node185","Node186",0.0429622254,FALSE,FALSE,FALSE,FALSE,FALSE,FALSE,FALSE
705,703,"Node185","Node187",0.0120333933,FALSE,FALSE,FALSE,FALSE,FALSE,FALSE,FALSE
706,705,"Node187","Node188",1.0336944234,FALSE,FALSE,FALSE,FALSE,FALSE,FALSE,FALSE
707,706,"Node188","Node189",0.1046945886,FALSE,FALSE,FALSE,FALSE,FALSE,FALSE,FALSE
708,707,"Node189","Node190",0.0793480755,FALSE,FALSE,FALSE,FALSE,FALSE,FALSE,FALSE
709,705,"Node187","Node191",2.1771e-06,FALSE,FALSE,FALSE,FALSE,FALSE,FALSE,FALSE
710,701,"Node183","Node192",1.804e-06,FALSE,TRUE,FALSE,FALSE,FALSE,FALSE,FALSE
711,710,"Node192","Node193",2.647e-06,FALSE,TRUE,FALSE,FALSE,FALSE,FALSE,FALSE
712,700,"Node182","Node194",0.0112679019,FALSE,TRUE,FALSE,FALSE,FALSE,FALSE,FALSE
713,712,"Node194","Node195",0.0041419634,FALSE,FALSE,FALSE,FALSE,FALSE,FALSE,FALSE
714,713,"Node195","Node196",0.0819564213,FALSE,FALSE,FALSE,FALSE,FALSE,FALSE,FALSE
715,714,"Node196","Node197",0.0105875064,FALSE,FALSE,FALSE,FALSE,FALSE,FALSE,FALSE
716,698,"Node180","Node198",0.0057177813,FALSE,TRUE,FALSE,FALSE,FALSE,FALSE,FALSE
717,697,"Node179","Node199",0.0059474638,FALSE,TRUE,FALSE,FALSE,FALSE,FALSE,FALSE
718,717,"Node199","Node200",2.0124e-06,FALSE,TRUE,FALSE,FALSE,FALSE,FALSE,FALSE
719,718,"Node200","Node201",0.0057160697,FALSE,TRUE,FALSE,FALSE,FALSE,FALSE,FALSE
720,719,"Node201","Node202",2.7658e-06,FALSE,TRUE,FALSE,FALSE,FALSE,FALSE,FALSE
721,720,"Node202","Node203",2.4483e-06,FALSE,FALSE,FALSE,FALSE,FALSE,FALSE,FALSE
722,721,"Node203","Node204",0.0057797497,FALSE,FALSE,FALSE,FALSE,FALSE,FALSE,FALSE
723,719,"Node201","Node205",2.4548e-06,FALSE,TRUE,FALSE,FALSE,FALSE,FALSE,FALSE
724,723,"Node205","Node206",1.804e-06,FALSE,FALSE,FALSE,FALSE,FALSE,FALSE,FALSE
725,724,"Node206","Node207",1.8038e-06,FALSE,FALSE,FALSE,FALSE,FALSE,FALSE,FALSE
726,725,"Node207","Node208",1.8038e-06,FALSE,FALSE,FALSE,FALSE,FALSE,FALSE,FALSE
727,696,"Node178","Node209",1.8038e-06,FALSE,TRUE,FALSE,FALSE,FALSE,FALSE,FALSE
728,727,"Node209","Node210",1.804e-06,FALSE,TRUE,FALSE,FALSE,FALSE,FALSE,FALSE
729,728,"Node210","Node211",1.804e-06,FALSE,TRUE,FALSE,FALSE,FALSE,FALSE,FALSE
730,729,"Node211","Node212",1.8038e-06,FALSE,FALSE,FALSE,FALSE,FALSE,FALSE,FALSE
731,730,"Node212","Node213",1.8038e-06,FALSE,FALSE,FALSE,FALSE,FALSE,FALSE,FALSE
732,729,"Node211","Node214",1.804e-06,FALSE,FALSE,FALSE,FALSE,FALSE,FALSE,FALSE
733,727,"Node209","Node215",1.8038e-06,FALSE,TRUE,FALSE,FALSE,FALSE,FALSE,FALSE
734,733,"Node215","Node216",1.8038e-06,FALSE,TRUE,FALSE,FALSE,FALSE,FALSE,FALSE
735,681,"Node163","Node217",1.804e-06,FALSE,TRUE,FALSE,FALSE,FALSE,FALSE,FALSE
736,680,"Node162","Node218",1.804e-06,FALSE,TRUE,FALSE,FALSE,FALSE,FALSE,FALSE
737,679,"Node161","Node219",1.804e-06,FALSE,TRUE,FALSE,FALSE,FALSE,FALSE,FALSE
738,737,"Node219","Node220",1.804e-06,FALSE,TRUE,FALSE,FALSE,FALSE,FALSE,FALSE
739,738,"Node220","Node221",1.8038e-06,FALSE,TRUE,FALSE,FALSE,FALSE,FALSE,FALSE
740,739,"Node221","Node222",1.804e-06,FALSE,TRUE,FALSE,FALSE,FALSE,FALSE,FALSE
741,738,"Node220","Node223",1.804e-06,FALSE,TRUE,FALSE,FALSE,FALSE,FALSE,FALSE
742,741,"Node223","Node224",0.0114132144,FALSE,TRUE,FALSE,FALSE,FALSE,FALSE,FALSE
743,742,"Node224","Node225",1.804e-06,FALSE,TRUE,FALSE,FALSE,FALSE,FALSE,FALSE
744,743,"Node225","Node226",1.804e-06,FALSE,TRUE,FALSE,FALSE,FALSE,FALSE,FALSE
745,744,"Node226","Node227",2.3796e-06,FALSE,TRUE,FALSE,FALSE,FALSE,FALSE,FALSE
746,745,"Node227","Node228",0.0234438609,FALSE,TRUE,FALSE,FALSE,FALSE,FALSE,FALSE
747,746,"Node228","Node229",0.1062749132,FALSE,TRUE,FALSE,FALSE,FALSE,FALSE,FALSE
748,747,"Node229","Node230",0.1479544797,FALSE,TRUE,FALSE,FALSE,FALSE,FALSE,FALSE
749,748,"Node230","Node231",0.0757715888,FALSE,FALSE,FALSE,FALSE,FALSE,FALSE,FALSE
750,749,"Node231","Node232",0.0185865945,FALSE,FALSE,FALSE,FALSE,FALSE,FALSE,FALSE
751,750,"Node232","Node233",0.0900496095,FALSE,FALSE,FALSE,FALSE,FALSE,FALSE,FALSE
752,751,"Node233","Node234",0.0684872802,FALSE,FALSE,FALSE,FALSE,FALSE,FALSE,FALSE
753,752,"Node234","Node235",2.5871e-06,FALSE,FALSE,FALSE,FALSE,FALSE,FALSE,FALSE
754,753,"Node235","Node236",0.2141295758,FALSE,FALSE,FALSE,FALSE,FALSE,FALSE,FALSE
755,754,"Node236","Node237",0.0677852118,FALSE,FALSE,FALSE,FALSE,FALSE,FALSE,FALSE
756,755,"Node237","Node238",0.0320232801,FALSE,FALSE,FALSE,FALSE,FALSE,FALSE,FALSE
757,756,"Node238","Node239",0.700134639,FALSE,FALSE,FALSE,FALSE,FALSE,FALSE,FALSE
758,754,"Node236","Node240",0.2470059636,FALSE,FALSE,FALSE,FALSE,FALSE,FALSE,FALSE
759,758,"Node240","Node241",0.029385616,FALSE,FALSE,FALSE,FALSE,FALSE,FALSE,FALSE
760,753,"Node235","Node242",0.0166131853,FALSE,FALSE,FALSE,FALSE,FALSE,FALSE,FALSE
761,760,"Node242","Node243",0.6167431393,FALSE,FALSE,FALSE,FALSE,FALSE,FALSE,FALSE
762,761,"Node243","Node244",0.2185030664,FALSE,FALSE,FALSE,FALSE,FALSE,FALSE,FALSE
763,762,"Node244","Node245",0.0320319085,FALSE,FALSE,FALSE,FALSE,FALSE,FALSE,FALSE
764,760,"Node242","Node246",0.0042015715,FALSE,FALSE,FALSE,FALSE,FALSE,FALSE,FALSE
765,749,"Node231","Node247",2.8059e-06,FALSE,FALSE,FALSE,FALSE,FALSE,FALSE,FALSE
766,765,"Node247","Node248",2.9682e-06,FALSE,FALSE,FALSE,FALSE,FALSE,FALSE,FALSE
767,747,"Node229","Node249",0.0345557444,FALSE,TRUE,FALSE,FALSE,FALSE,FALSE,FALSE
768,744,"Node226","Node250",0.0815280306,FALSE,TRUE,FALSE,FALSE,FALSE,FALSE,FALSE
769,743,"Node225","Node251",0.0220110999,FALSE,TRUE,FALSE,FALSE,FALSE,FALSE,FALSE
770,769,"Node251","Node252",0.0710347788,FALSE,TRUE,FALSE,FALSE,FALSE,FALSE,FALSE
771,770,"Node252","Node253",2.5963e-06,FALSE,FALSE,FALSE,FALSE,FALSE,FALSE,FALSE
772,771,"Node253","Node254",2.9285e-06,FALSE,FALSE,FALSE,FALSE,FALSE,FALSE,FALSE
773,772,"Node254","Node255",0.0831507182,FALSE,FALSE,FALSE,FALSE,FALSE,FALSE,FALSE
774,742,"Node224","Node256",2.493e-06,FALSE,TRUE,FALSE,FALSE,FALSE,FALSE,FALSE
775,774,"Node256","Node257",2.0509e-06,FALSE,TRUE,FALSE,FALSE,FALSE,FALSE,FALSE
776,775,"Node257","Node258",2.6544e-06,FALSE,TRUE,FALSE,FALSE,FALSE,FALSE,FALSE
777,776,"Node258","Node259",0.0433351581,FALSE,TRUE,FALSE,FALSE,FALSE,FALSE,FALSE
778,777,"Node259","Node260",2.8756e-06,FALSE,TRUE,FALSE,FALSE,FALSE,FALSE,FALSE
779,777,"Node259","Node261",0.2985159775,FALSE,TRUE,FALSE,FALSE,FALSE,FALSE,FALSE
780,779,"Node261","Node262",0.0433812957,FALSE,TRUE,FALSE,FALSE,FALSE,FALSE,FALSE
781,780,"Node262","Node263",0.0468689672,FALSE,TRUE,FALSE,FALSE,FALSE,FALSE,FALSE
782,781,"Node263","Node264",0.0488593989,FALSE,TRUE,FALSE,FALSE,FALSE,FALSE,FALSE
783,780,"Node262","Node265",0.103878864,FALSE,TRUE,FALSE,FALSE,FALSE,FALSE,FALSE
784,783,"Node265","Node266",0.0951866049,FALSE,TRUE,FALSE,FALSE,FALSE,FALSE,FALSE
785,784,"Node266","Node267",0.33979033,FALSE,TRUE,FALSE,FALSE,FALSE,FALSE,FALSE
786,785,"Node267","Node268",0.1570251192,FALSE,TRUE,FALSE,FALSE,FALSE,FALSE,FALSE
787,779,"Node261","Node269",0.119916908,FALSE,TRUE,FALSE,FALSE,FALSE,FALSE,FALSE
788,787,"Node269","Node270",0.1670623707,FALSE,TRUE,FALSE,FALSE,FALSE,FALSE,FALSE
789,788,"Node270","Node271",0.1436180992,FALSE,TRUE,FALSE,FALSE,FALSE,FALSE,FALSE
790,789,"Node271","Node272",0.3764539267,FALSE,TRUE,FALSE,FALSE,FALSE,FALSE,FALSE
791,790,"Node272","Node273",0.2519952721,FALSE,TRUE,FALSE,FALSE,FALSE,FALSE,FALSE
792,791,"Node273","Node274",0.107630687,FALSE,TRUE,FALSE,FALSE,FALSE,FALSE,FALSE
793,788,"Node270","Node275",0.0522647699,FALSE,TRUE,FALSE,FALSE,FALSE,FALSE,FALSE
794,793,"Node275","Node276",2.9372e-06,FALSE,TRUE,FALSE,FALSE,FALSE,FALSE,FALSE
795,776,"Node258","Node277",0.1563528519,FALSE,TRUE,FALSE,FALSE,FALSE,FALSE,FALSE
796,795,"Node277","Node278",2.3516e-06,FALSE,TRUE,FALSE,FALSE,FALSE,FALSE,FALSE
797,774,"Node256","Node279",0.0662527661,FALSE,TRUE,FALSE,FALSE,FALSE,FALSE,FALSE
798,797,"Node279","Node280",2.1422e-06,FALSE,TRUE,FALSE,FALSE,FALSE,FALSE,FALSE
799,798,"Node280","Node281",0.0500685164,FALSE,TRUE,FALSE,FALSE,FALSE,FALSE,FALSE
800,671,"Node153","Node282",0.0527387051,FALSE,TRUE,FALSE,FALSE,FALSE,FALSE,FALSE
801,800,"Node282","Node283",0.1051069015,FALSE,TRUE,FALSE,FALSE,FALSE,FALSE,FALSE
802,669,"Node151","Node284",0.0690165396,FALSE,TRUE,FALSE,FALSE,FALSE,FALSE,FALSE
803,802,"Node284","Node285",0.0724555573,FALSE,TRUE,FALSE,FALSE,FALSE,FALSE,FALSE
804,803,"Node285","Node286",2.1288e-06,FALSE,TRUE,FALSE,FALSE,FALSE,FALSE,FALSE
805,804,"Node286","Node287",2.2663e-06,FALSE,TRUE,FALSE,FALSE,FALSE,FALSE,FALSE
806,804,"Node286","Node288",2.8783e-06,FALSE,TRUE,FALSE,FALSE,FALSE,FALSE,FALSE
807,806,"Node288","Node289",2.2673e-06,FALSE,TRUE,FALSE,FALSE,FALSE,FALSE,FALSE
808,807,"Node289","Node290",0.0700837659,FALSE,TRUE,FALSE,FALSE,FALSE,FALSE,FALSE
809,802,"Node284","Node291",0.4160497115,FALSE,TRUE,FALSE,FALSE,FALSE,FALSE,FALSE
810,809,"Node291","Node292",0.0004444105,FALSE,TRUE,FALSE,FALSE,FALSE,FALSE,FALSE
811,668,"Node150","Node293",1.8044e-06,FALSE,TRUE,FALSE,FALSE,FALSE,FALSE,FALSE
812,811,"Node293","Node294",2.5834e-06,FALSE,TRUE,FALSE,FALSE,FALSE,FALSE,FALSE
813,812,"Node294","Node295",2.6594e-06,FALSE,TRUE,FALSE,FALSE,FALSE,FALSE,FALSE
814,667,"Node149","Node296",0.0013871415,FALSE,TRUE,FALSE,FALSE,FALSE,FALSE,FALSE
815,814,"Node296","Node297",1.0726e-06,FALSE,TRUE,FALSE,FALSE,FALSE,FALSE,FALSE
816,815,"Node297","Node298",0.0001108038,FALSE,TRUE,FALSE,FALSE,FALSE,FALSE,FALSE
817,815,"Node297","Node299",2.0478e-06,FALSE,TRUE,FALSE,FALSE,FALSE,FALSE,FALSE
818,817,"Node299","Node300",1.6596e-06,FALSE,TRUE,FALSE,FALSE,FALSE,FALSE,FALSE
819,818,"Node300","Node301",2.6099e-06,FALSE,TRUE,FALSE,FALSE,FALSE,FALSE,FALSE
820,819,"Node301","Node302",2.4523e-06,FALSE,TRUE,FALSE,FALSE,FALSE,FALSE,FALSE
821,820,"Node302","Node303",0.0006870743,FALSE,TRUE,FALSE,FALSE,FALSE,FALSE,FALSE
822,821,"Node303","Node304",0.0110859836,FALSE,TRUE,FALSE,FALSE,FALSE,FALSE,FALSE
823,664,"Node146","Node305",2.3961e-06,FALSE,TRUE,FALSE,FALSE,FALSE,FALSE,FALSE
824,823,"Node305","Node306",2.9681e-06,FALSE,TRUE,FALSE,FALSE,FALSE,FALSE,FALSE
825,824,"Node306","Node307",0.0188789369,FALSE,TRUE,FALSE,FALSE,FALSE,FALSE,FALSE
826,825,"Node307","Node308",2.1263e-06,FALSE,TRUE,FALSE,FALSE,FALSE,FALSE,FALSE
827,826,"Node308","Node309",2.5968e-06,FALSE,TRUE,FALSE,FALSE,FALSE,FALSE,FALSE
828,827,"Node309","Node310",0.052202795,FALSE,FALSE,FALSE,FALSE,FALSE,FALSE,FALSE
829,827,"Node309","Node311",0.0509738758,FALSE,FALSE,FALSE,FALSE,FALSE,FALSE,FALSE
830,824,"Node306","Node312",2.5928e-06,FALSE,TRUE,FALSE,FALSE,FALSE,FALSE,FALSE
831,830,"Node312","Node313",2.5928e-06,FALSE,TRUE,FALSE,FALSE,FALSE,FALSE,FALSE
832,831,"Node313","Node314",2.239e-06,FALSE,TRUE,FALSE,FALSE,FALSE,FALSE,FALSE
833,832,"Node314","Node315",2.1265e-06,FALSE,TRUE,FALSE,FALSE,FALSE,FALSE,FALSE
834,833,"Node315","Node316",2.2471e-06,FALSE,TRUE,FALSE,FALSE,FALSE,FALSE,FALSE
835,834,"Node316","Node317",2.6327e-06,FALSE,TRUE,FALSE,FALSE,FALSE,FALSE,FALSE
836,835,"Node317","Node318",2.2282e-06,FALSE,TRUE,FALSE,FALSE,FALSE,FALSE,FALSE
837,832,"Node314","Node319",1.1271e-06,FALSE,TRUE,FALSE,FALSE,FALSE,FALSE,FALSE
838,831,"Node313","Node320",1.3979e-06,FALSE,TRUE,FALSE,FALSE,FALSE,FALSE,FALSE
839,838,"Node320","Node321",1.5933e-06,FALSE,TRUE,FALSE,FALSE,FALSE,FALSE,FALSE
840,839,"Node321","Node322",2.7361e-06,FALSE,TRUE,FALSE,FALSE,FALSE,FALSE,FALSE
841,839,"Node321","Node323",1.1368e-06,FALSE,TRUE,FALSE,FALSE,FALSE,FALSE,FALSE
842,841,"Node323","Node324",2.3219e-06,FALSE,TRUE,FALSE,FALSE,FALSE,FALSE,FALSE
843,830,"Node312","Node325",2.156e-06,FALSE,TRUE,FALSE,FALSE,FALSE,FALSE,FALSE
844,843,"Node325","Node326",1.804e-06,FALSE,TRUE,FALSE,FALSE,FALSE,FALSE,FALSE
845,844,"Node326","Node327",1.804e-06,FALSE,TRUE,FALSE,FALSE,FALSE,FALSE,FALSE
846,845,"Node327","Node328",1.804e-06,FALSE,TRUE,FALSE,FALSE,FALSE,FALSE,FALSE
847,846,"Node328","Node329",1.804e-06,FALSE,TRUE,FALSE,FALSE,FALSE,FALSE,FALSE
848,847,"Node329","Node330",1.804e-06,FALSE,TRUE,FALSE,FALSE,FALSE,FALSE,FALSE
849,848,"Node330","Node331",1.804e-06,FALSE,TRUE,FALSE,FALSE,FALSE,FALSE,FALSE
850,849,"Node331","Node332",1.804e-06,FALSE,TRUE,FALSE,FALSE,FALSE,FALSE,FALSE
851,850,"Node332","Node333",2.6328e-06,FALSE,TRUE,FALSE,FALSE,FALSE,FALSE,FALSE
852,848,"Node330","Node334",1.804e-06,FALSE,TRUE,FALSE,FALSE,FALSE,FALSE,FALSE
853,847,"Node329","Node335",2.5745e-06,FALSE,TRUE,FALSE,FALSE,FALSE,FALSE,FALSE
854,846,"Node328","Node336",0.0273868708,FALSE,TRUE,FALSE,FALSE,FALSE,FALSE,FALSE
855,854,"Node336","Node337",1.804e-06,FALSE,TRUE,FALSE,FALSE,FALSE,FALSE,FALSE
856,855,"Node337","Node338",1.804e-06,FALSE,TRUE,FALSE,FALSE,FALSE,FALSE,FALSE
857,856,"Node338","Node339",0.0514709458,FALSE,TRUE,FALSE,FALSE,FALSE,FALSE,FALSE
858,844,"Node326","Node340",2.5093e-06,FALSE,TRUE,FALSE,FALSE,FALSE,FALSE,FALSE
859,858,"Node340","Node341",1.8038e-06,FALSE,TRUE,FALSE,FALSE,FALSE,FALSE,FALSE
860,843,"Node325","Node342",1.804e-06,FALSE,TRUE,FALSE,FALSE,FALSE,FALSE,FALSE
861,860,"Node342","Node343",1.804e-06,FALSE,TRUE,FALSE,FALSE,FALSE,FALSE,FALSE
862,861,"Node343","Node344",2.1133e-06,FALSE,TRUE,FALSE,FALSE,FALSE,FALSE,FALSE
863,862,"Node344","Node345",2.4973e-06,FALSE,TRUE,FALSE,FALSE,FALSE,FALSE,FALSE
864,863,"Node345","Node346",1.804e-06,FALSE,TRUE,FALSE,FALSE,FALSE,FALSE,FALSE
865,864,"Node346","Node347",0.0518918408,FALSE,TRUE,FALSE,FALSE,FALSE,FALSE,FALSE
866,861,"Node343","Node348",1.804e-06,FALSE,TRUE,FALSE,FALSE,FALSE,FALSE,FALSE
867,866,"Node348","Node349",1.804e-06,FALSE,TRUE,FALSE,FALSE,FALSE,FALSE,FALSE
868,867,"Node349","Node350",1.804e-06,FALSE,TRUE,FALSE,FALSE,FALSE,FALSE,FALSE
869,860,"Node342","Node351",1.804e-06,FALSE,TRUE,FALSE,FALSE,FALSE,FALSE,FALSE
870,869,"Node351","Node352",1.804e-06,FALSE,TRUE,FALSE,FALSE,FALSE,FALSE,FALSE
871,870,"Node352","Node353",1.804e-06,FALSE,TRUE,FALSE,FALSE,FALSE,FALSE,FALSE
872,871,"Node353","Node354",2.5039e-06,FALSE,TRUE,FALSE,FALSE,FALSE,FALSE,FALSE
873,872,"Node354","Node355",1.804e-06,FALSE,TRUE,FALSE,FALSE,FALSE,FALSE,FALSE
874,873,"Node355","Node356",2.9942e-06,FALSE,TRUE,FALSE,FALSE,FALSE,FALSE,FALSE
875,871,"Node353","Node357",2.3145e-06,FALSE,TRUE,FALSE,FALSE,FALSE,FALSE,FALSE
876,870,"Node352","Node358",2.505e-06,FALSE,TRUE,FALSE,FALSE,FALSE,FALSE,FALSE
877,663,"Node145","Node359",1.804e-06,FALSE,TRUE,FALSE,FALSE,FALSE,FALSE,FALSE
878,660,"Node142","Node360",1.804e-06,FALSE,FALSE,FALSE,FALSE,FALSE,FALSE,FALSE
879,878,"Node360","Node361",2.8233e-06,FALSE,FALSE,FALSE,FALSE,FALSE,FALSE,FALSE
880,879,"Node361","Node362",0.0508890086,FALSE,FALSE,FALSE,FALSE,FALSE,FALSE,FALSE
881,880,"Node362","Node363",0.0523968657,FALSE,FALSE,FALSE,FALSE,FALSE,FALSE,FALSE
882,881,"Node363","Node364",0.0515207533,FALSE,FALSE,FALSE,FALSE,FALSE,FALSE,FALSE
883,882,"Node364","Node365",2.1158e-06,FALSE,FALSE,FALSE,FALSE,FALSE,FALSE,FALSE
884,882,"Node364","Node366",1.804e-06,FALSE,FALSE,FALSE,FALSE,FALSE,FALSE,FALSE
885,884,"Node366","Node367",1.804e-06,FALSE,FALSE,FALSE,FALSE,FALSE,FALSE,FALSE
886,885,"Node367","Node368",0.05284871,FALSE,FALSE,FALSE,FALSE,FALSE,FALSE,FALSE
887,886,"Node368","Node369",0.0522012063,FALSE,FALSE,FALSE,FALSE,FALSE,FALSE,FALSE
888,887,"Node369","Node370",2.9307e-06,FALSE,FALSE,FALSE,FALSE,FALSE,FALSE,FALSE
889,888,"Node370","Node371",2.9605e-06,FALSE,FALSE,FALSE,FALSE,FALSE,FALSE,FALSE
890,889,"Node371","Node372",1.804e-06,FALSE,FALSE,FALSE,FALSE,FALSE,FALSE,FALSE
891,890,"Node372","Node373",1.8038e-06,FALSE,FALSE,FALSE,FALSE,FALSE,FALSE,FALSE
892,891,"Node373","Node374",1.8038e-06,FALSE,FALSE,FALSE,FALSE,FALSE,FALSE,FALSE
893,892,"Node374","Node375",1.8038e-06,FALSE,FALSE,FALSE,FALSE,FALSE,FALSE,FALSE
894,893,"Node375","Node376",1.8038e-06,FALSE,FALSE,FALSE,FALSE,FALSE,FALSE,FALSE
895,894,"Node376","Node377",1.8038e-06,FALSE,FALSE,FALSE,FALSE,FALSE,FALSE,FALSE
896,894,"Node376","Node378",1.8038e-06,FALSE,FALSE,FALSE,FALSE,FALSE,FALSE,FALSE
897,896,"Node378","Node379",1.8038e-06,FALSE,FALSE,FALSE,FALSE,FALSE,FALSE,FALSE
898,897,"Node379","Node380",1.8038e-06,FALSE,FALSE,FALSE,FALSE,FALSE,FALSE,FALSE
899,898,"Node380","Node381",1.8038e-06,FALSE,FALSE,FALSE,FALSE,FALSE,FALSE,FALSE
900,893,"Node375","Node382",1.8038e-06,FALSE,FALSE,FALSE,FALSE,FALSE,FALSE,FALSE
901,881,"Node363","Node383",1.804e-06,FALSE,FALSE,FALSE,FALSE,FALSE,FALSE,FALSE
902,879,"Node361","Node384",1.804e-06,FALSE,FALSE,FALSE,FALSE,FALSE,FALSE,FALSE
903,658,"Node140","Node385",1.804e-06,FALSE,FALSE,FALSE,FALSE,FALSE,FALSE,FALSE
904,903,"Node385","Node386",1.804e-06,FALSE,FALSE,FALSE,FALSE,FALSE,FALSE,FALSE
905,904,"Node386","Node387",1.804e-06,FALSE,FALSE,FALSE,FALSE,FALSE,FALSE,FALSE
906,905,"Node387","Node388",1.8038e-06,FALSE,FALSE,FALSE,FALSE,FALSE,FALSE,FALSE
907,906,"Node388","Node389",1.804e-06,FALSE,FALSE,FALSE,FALSE,FALSE,FALSE,FALSE
908,907,"Node389","Node390",1.8038e-06,FALSE,FALSE,FALSE,FALSE,FALSE,FALSE,FALSE
909,907,"Node389","Node391",1.804e-06,FALSE,FALSE,FALSE,FALSE,FALSE,FALSE,FALSE
910,909,"Node391","Node392",1.804e-06,FALSE,FALSE,FALSE,FALSE,FALSE,FALSE,FALSE
911,910,"Node392","Node393",1.804e-06,FALSE,FALSE,FALSE,FALSE,FALSE,FALSE,FALSE
912,911,"Node393","Node394",1.8038e-06,FALSE,FALSE,FALSE,FALSE,FALSE,FALSE,FALSE
913,912,"Node394","Node395",1.8038e-06,FALSE,FALSE,FALSE,FALSE,FALSE,FALSE,FALSE
914,913,"Node395","Node396",1.804e-06,FALSE,FALSE,FALSE,FALSE,FALSE,FALSE,FALSE
915,914,"Node396","Node397",1.804e-06,FALSE,FALSE,FALSE,FALSE,FALSE,FALSE,FALSE
916,906,"Node388","Node398",1.804e-06,FALSE,FALSE,FALSE,FALSE,FALSE,FALSE,FALSE
917,916,"Node398","Node399",1.804e-06,FALSE,FALSE,FALSE,FALSE,FALSE,FALSE,FALSE
918,903,"Node385","Node400",1.804e-06,FALSE,FALSE,FALSE,FALSE,FALSE,FALSE,FALSE
919,918,"Node400","Node401",1.804e-06,FALSE,TRUE,FALSE,FALSE,FALSE,FALSE,FALSE
920,918,"Node400","Node402",1.8038e-06,FALSE,TRUE,FALSE,FALSE,FALSE,FALSE,FALSE
921,528,"Node10","Node403",1.8038e-06,FALSE,TRUE,FALSE,FALSE,FALSE,FALSE,FALSE
922,921,"Node403","Node404",1.8038e-06,FALSE,FALSE,FALSE,FALSE,FALSE,FALSE,FALSE
923,922,"Node404","Node405",1.8038e-06,FALSE,FALSE,FALSE,FALSE,FALSE,FALSE,FALSE
924,922,"Node404","Node406",1.8038e-06,FALSE,FALSE,FALSE,FALSE,FALSE,FALSE,FALSE
925,924,"Node406","Node407",1.8038e-06,FALSE,FALSE,FALSE,FALSE,FALSE,FALSE,FALSE
926,925,"Node407","Node408",1.804e-06,FALSE,FALSE,FALSE,FALSE,FALSE,FALSE,FALSE
927,926,"Node408","Node409",1.804e-06,FALSE,FALSE,FALSE,FALSE,FALSE,FALSE,FALSE
928,927,"Node409","Node410",1.804e-06,FALSE,FALSE,FALSE,FALSE,FALSE,FALSE,FALSE
929,928,"Node410","Node411",1.804e-06,FALSE,FALSE,FALSE,FALSE,FALSE,FALSE,FALSE
930,929,"Node411","Node412",1.804e-06,FALSE,FALSE,FALSE,FALSE,FALSE,FALSE,FALSE
931,930,"Node412","Node413",1.804e-06,FALSE,FALSE,FALSE,FALSE,FALSE,FALSE,FALSE
932,931,"Node413","Node414",1.804e-06,FALSE,FALSE,FALSE,FALSE,FALSE,FALSE,FALSE
933,932,"Node414","Node415",0.0502046484,FALSE,FALSE,FALSE,FALSE,FALSE,FALSE,FALSE
934,933,"Node415","Node416",0.0517439651,FALSE,FALSE,FALSE,FALSE,FALSE,FALSE,FALSE
935,934,"Node416","Node417",2.8933e-06,FALSE,FALSE,FALSE,FALSE,FALSE,FALSE,FALSE
936,935,"Node417","Node418",2.8139e-06,FALSE,FALSE,FALSE,FALSE,FALSE,FALSE,FALSE
937,936,"Node418","Node419",1.804e-06,FALSE,FALSE,FALSE,FALSE,FALSE,FALSE,FALSE
938,937,"Node419","Node420",1.804e-06,FALSE,FALSE,FALSE,FALSE,FALSE,FALSE,FALSE
939,938,"Node420","Node421",1.804e-06,FALSE,FALSE,FALSE,FALSE,FALSE,FALSE,FALSE
940,939,"Node421","Node422",1.804e-06,FALSE,FALSE,FALSE,FALSE,FALSE,FALSE,FALSE
941,940,"Node422","Node423",0.0497592644,FALSE,FALSE,FALSE,FALSE,FALSE,FALSE,FALSE
942,941,"Node423","Node424",2.6838e-06,FALSE,FALSE,FALSE,FALSE,FALSE,FALSE,FALSE
943,942,"Node424","Node425",0.0537994657,FALSE,FALSE,FALSE,FALSE,FALSE,FALSE,FALSE
944,943,"Node425","Node426",2.6742e-06,FALSE,FALSE,FALSE,FALSE,FALSE,FALSE,FALSE
945,944,"Node426","Node427",0.0538368476,FALSE,FALSE,FALSE,FALSE,FALSE,FALSE,FALSE
946,945,"Node427","Node428",2.4271e-06,FALSE,FALSE,FALSE,FALSE,FALSE,FALSE,FALSE
947,946,"Node428","Node429",2.8168e-06,FALSE,FALSE,FALSE,FALSE,FALSE,FALSE,FALSE
948,947,"Node429","Node430",0.0536897514,FALSE,FALSE,FALSE,FALSE,FALSE,FALSE,FALSE
949,948,"Node430","Node431",0.3136835483,FALSE,FALSE,FALSE,FALSE,FALSE,FALSE,FALSE
950,949,"Node431","Node432",2.8311e-06,FALSE,FALSE,FALSE,FALSE,FALSE,FALSE,FALSE
951,949,"Node431","Node433",0.0499470153,FALSE,FALSE,FALSE,FALSE,FALSE,FALSE,FALSE
952,948,"Node430","Node434",2.2349e-06,FALSE,FALSE,FALSE,FALSE,FALSE,FALSE,FALSE
953,952,"Node434","Node435",1.8038e-06,FALSE,FALSE,FALSE,FALSE,FALSE,FALSE,FALSE
954,953,"Node435","Node436",1.8038e-06,FALSE,FALSE,FALSE,FALSE,FALSE,FALSE,FALSE
955,954,"Node436","Node437",1.8038e-06,FALSE,FALSE,FALSE,FALSE,FALSE,FALSE,FALSE
956,955,"Node437","Node438",1.8038e-06,FALSE,FALSE,FALSE,FALSE,FALSE,FALSE,FALSE
957,956,"Node438","Node439",1.8038e-06,FALSE,FALSE,FALSE,FALSE,FALSE,FALSE,FALSE
958,957,"Node439","Node440",1.8038e-06,FALSE,FALSE,FALSE,FALSE,FALSE,FALSE,FALSE
959,958,"Node440","Node441",1.8038e-06,FALSE,FALSE,FALSE,FALSE,FALSE,FALSE,FALSE
960,942,"Node424","Node442",2.113e-06,FALSE,FALSE,FALSE,FALSE,FALSE,FALSE,FALSE
961,960,"Node442","Node443",2.822e-06,FALSE,FALSE,FALSE,FALSE,FALSE,FALSE,FALSE
962,961,"Node443","Node444",1.8038e-06,FALSE,FALSE,FALSE,FALSE,FALSE,FALSE,FALSE
963,924,"Node406","Node445",0.0494479942,FALSE,FALSE,FALSE,FALSE,FALSE,FALSE,FALSE
964,963,"Node445","Node446",2.6704e-06,FALSE,FALSE,FALSE,FALSE,FALSE,FALSE,FALSE
965,964,"Node446","Node447",2.6713e-06,FALSE,FALSE,FALSE,FALSE,FALSE,FALSE,FALSE
966,963,"Node445","Node448",2.6602e-06,FALSE,FALSE,FALSE,FALSE,FALSE,FALSE,FALSE
967,966,"Node448","Node449",2.2264e-06,FALSE,FALSE,FALSE,FALSE,FALSE,FALSE,FALSE
968,967,"Node449","Node450",1.8038e-06,FALSE,FALSE,FALSE,FALSE,FALSE,FALSE,FALSE
969,968,"Node450","Node451",1.8038e-06,FALSE,FALSE,FALSE,FALSE,FALSE,FALSE,FALSE
970,969,"Node451","Node452",1.8038e-06,FALSE,FALSE,FALSE,FALSE,FALSE,FALSE,FALSE
971,970,"Node452","Node453",1.8038e-06,FALSE,FALSE,FALSE,FALSE,FALSE,FALSE,FALSE
972,971,"Node453","Node454",1.804e-06,FALSE,FALSE,FALSE,FALSE,FALSE,FALSE,FALSE
973,972,"Node454","Node455",1.8038e-06,FALSE,FALSE,FALSE,FALSE,FALSE,FALSE,FALSE
974,973,"Node455","Node456",1.8038e-06,FALSE,FALSE,FALSE,FALSE,FALSE,FALSE,FALSE
975,974,"Node456","Node457",2.8613e-06,FALSE,FALSE,FALSE,FALSE,FALSE,FALSE,FALSE
976,975,"Node457","Node458",1.8038e-06,FALSE,FALSE,FALSE,FALSE,FALSE,FALSE,FALSE
977,976,"Node458","Node459",1.804e-06,FALSE,FALSE,FALSE,FALSE,FALSE,FALSE,FALSE
978,977,"Node459","Node460",2.45e-06,FALSE,FALSE,FALSE,FALSE,FALSE,FALSE,FALSE
979,978,"Node460","Node461",1.804e-06,FALSE,FALSE,FALSE,FALSE,FALSE,FALSE,FALSE
980,975,"Node457","Node462",0.1094781333,FALSE,FALSE,FALSE,FALSE,FALSE,FALSE,FALSE
981,980,"Node462","Node463",0.1038322088,FALSE,FALSE,FALSE,FALSE,FALSE,FALSE,FALSE
982,973,"Node455","Node464",0.1048802028,FALSE,FALSE,FALSE,FALSE,FALSE,FALSE,FALSE
983,982,"Node464","Node465",2.3064e-06,FALSE,FALSE,FALSE,FALSE,FALSE,FALSE,FALSE
984,968,"Node450","Node466",2.7643e-06,FALSE,FALSE,FALSE,FALSE,FALSE,FALSE,FALSE
985,984,"Node466","Node467",1.8038e-06,FALSE,FALSE,FALSE,FALSE,FALSE,FALSE,FALSE
986,985,"Node467","Node468",2.3164e-06,FALSE,FALSE,FALSE,FALSE,FALSE,FALSE,FALSE
987,986,"Node468","Node469",1.804e-06,FALSE,FALSE,FALSE,FALSE,FALSE,FALSE,FALSE
988,987,"Node469","Node470",2.2103e-06,FALSE,FALSE,FALSE,FALSE,FALSE,FALSE,FALSE
989,988,"Node470","Node471",2.3063e-06,FALSE,FALSE,FALSE,FALSE,FALSE,FALSE,FALSE
990,521,"Node3","Node472",1.804e-06,FALSE,TRUE,FALSE,FALSE,FALSE,FALSE,FALSE
991,990,"Node472","Node473",1.804e-06,FALSE,FALSE,FALSE,FALSE,FALSE,FALSE,FALSE
992,991,"Node473","Node474",2.0764e-06,FALSE,FALSE,FALSE,FALSE,FALSE,FALSE,FALSE
993,992,"Node474","Node475",0.0506085435,FALSE,FALSE,FALSE,FALSE,FALSE,FALSE,FALSE
994,993,"Node475","Node476",0.1025036016,FALSE,FALSE,FALSE,FALSE,FALSE,FALSE,FALSE
995,994,"Node476","Node477",2.2847e-06,FALSE,FALSE,FALSE,FALSE,FALSE,FALSE,FALSE
996,995,"Node477","Node478",2.4963e-06,FALSE,FALSE,FALSE,FALSE,FALSE,FALSE,FALSE
997,996,"Node478","Node479",1.804e-06,FALSE,FALSE,FALSE,FALSE,FALSE,FALSE,FALSE
998,997,"Node479","Node480",1.804e-06,FALSE,FALSE,FALSE,FALSE,FALSE,FALSE,FALSE
999,998,"Node480","Node481",1.804e-06,FALSE,FALSE,FALSE,FALSE,FALSE,FALSE,FALSE
1000,999,"Node481","Node482",2.7129e-06,FALSE,FALSE,FALSE,FALSE,FALSE,FALSE,FALSE
1001,1000,"Node482","Node483",1.804e-06,FALSE,FALSE,FALSE,FALSE,FALSE,FALSE,FALSE
1002,1001,"Node483","Node484",2.174e-06,FALSE,FALSE,FALSE,FALSE,FALSE,FALSE,FALSE
1003,1002,"Node484","Node485",1.804e-06,FALSE,FALSE,FALSE,FALSE,FALSE,FALSE,FALSE
1004,1003,"Node485","Node486",1.804e-06,FALSE,FALSE,FALSE,FALSE,FALSE,FALSE,FALSE
1005,1004,"Node486","Node487",1.804e-06,FALSE,FALSE,FALSE,FALSE,FALSE,FALSE,FALSE
1006,1005,"Node487","Node488",1.804e-06,FALSE,FALSE,FALSE,FALSE,FALSE,FALSE,FALSE
1007,1006,"Node488","Node489",1.804e-06,FALSE,FALSE,FALSE,FALSE,FALSE,FALSE,FALSE
1008,1007,"Node489","Node490",1.804e-06,FALSE,FALSE,FALSE,FALSE,FALSE,FALSE,FALSE
1009,1008,"Node490","Node491",1.804e-06,FALSE,FALSE,FALSE,FALSE,FALSE,FALSE,FALSE
1010,1008,"Node490","Node492",1.804e-06,FALSE,FALSE,FALSE,FALSE,FALSE,FALSE,FALSE
1011,1010,"Node492","Node493",1.804e-06,FALSE,FALSE,FALSE,FALSE,FALSE,FALSE,FALSE
1012,1011,"Node493","Node494",1.804e-06,FALSE,FALSE,FALSE,FALSE,FALSE,FALSE,FALSE
1013,1012,"Node494","Node495",1.804e-06,FALSE,FALSE,FALSE,FALSE,FALSE,FALSE,FALSE
1014,1013,"Node495","Node496",1.804e-06,FALSE,FALSE,FALSE,FALSE,FALSE,FALSE,FALSE
1015,1014,"Node496","Node497",1.804e-06,FALSE,FALSE,FALSE,FALSE,FALSE,FALSE,FALSE
1016,1015,"Node497","Node498",1.804e-06,FALSE,FALSE,FALSE,FALSE,FALSE,FALSE,FALSE
1017,1016,"Node498","Node499",0.0498752329,FALSE,FALSE,FALSE,FALSE,FALSE,FALSE,FALSE
1018,1017,"Node499","Node500",2.6457e-06,FALSE,FALSE,FALSE,FALSE,FALSE,FALSE,FALSE
1019,1018,"Node500","Node501",0.0494274012,FALSE,FALSE,FALSE,FALSE,FALSE,FALSE,FALSE
1020,1019,"Node501","Node502",2.4317e-06,FALSE,FALSE,FALSE,FALSE,FALSE,FALSE,FALSE
1021,1020,"Node502","Node503",0.0499998809,FALSE,FALSE,FALSE,FALSE,FALSE,FALSE,FALSE
1022,1021,"Node503","Node504",2.0872e-06,FALSE,FALSE,FALSE,FALSE,FALSE,FALSE,FALSE
1023,1022,"Node504","Node505",0.050037954,FALSE,FALSE,FALSE,FALSE,FALSE,FALSE,FALSE
1024,1023,"Node505","Node506",0.0499410168,FALSE,FALSE,FALSE,FALSE,FALSE,FALSE,FALSE
1025,1024,"Node506","Node507",2.6263e-06,FALSE,FALSE,FALSE,FALSE,FALSE,FALSE,FALSE
1026,1024,"Node506","Node508",0.0497536614,FALSE,FALSE,FALSE,FALSE,FALSE,FALSE,FALSE
1027,1021,"Node503","Node509",2.3716e-06,FALSE,FALSE,FALSE,FALSE,FALSE,FALSE,FALSE
1028,1027,"Node509","Node510",2.7506e-06,FALSE,FALSE,FALSE,FALSE,FALSE,FALSE,FALSE
1029,1027,"Node509","Node511",1.804e-06,FALSE,FALSE,FALSE,FALSE,FALSE,FALSE,FALSE
1030,991,"Node473","Node512",0.1000563473,FALSE,FALSE,FALSE,FALSE,FALSE,FALSE,FALSE
1031,1030,"Node512","Node513",2.2212e-06,FALSE,FALSE,FALSE,FALSE,FALSE,FALSE,FALSE
1032,1031,"Node513","Node514",0.049730918,FALSE,FALSE,FALSE,FALSE,FALSE,FALSE,FALSE
1033,1030,"Node512","Node515",2.4708e-06,FALSE,FALSE,FALSE,FALSE,FALSE,FALSE,FALSE
1034,520,"Node2","Node516",0.1368151631,FALSE,TRUE,FALSE,FALSE,FALSE,FALSE,FALSE
