"transition","mutations","mutation_count"
"Node1 to Node2","T182Q | A228P",2
"Node2 to Node3","T267S",1
"Node3 to Node4","I220V | K221S | S222A | S231T | A290S",5
"Node4 to Node5","S214A | S215A | S267A | T284V",4
"Node5 to Node6","A91S | A92S | A126S | G130T | S199M | V220I | S221A | A222E | L232S | G235D | M245V | S251T | E259D | F261L | A264L | I265V | L266I | V269I | N285H | Q286L | L384T",21
"Node6 to Node7","M258V",1
"Node7 to Node8","I266V",1
"Node8 to Node9","A158S | L184M | P250D",3
"Node9 to Node10","A2S | P6L | T130G | S158A | M184L | A219E | E222G | S232T | P383V",9
"Node10 to Node11","S91A | S92A | S126A | T193K | R263Q | A271T | P273E | S290A",8
"Node11 to Node12","D183V | E260Q | K268R | T271N | P349S",5
"Node12 to Node13","L184A | Q201H | A221S",3
"Node14 to Node15","T251N",1
"Node15 to Node16","H201Q | D250E | R268Q | A287S",4
"Node16 to Node17","A218E | Q260E",2
"Node17 to Node18","T232Q | E250R | Q263K",3
"Node18 to Node19","N271A | V283I | L286I",3
"Node20 to Node21","E218H",1
"Node25 to Node26","H218R",1
"Node27 to Node28","S221A | S287N",2
"Node28 to Node29","A184L | A215D",2
"Node30 to Node31","G222A",1
"Node32 to Node33","H197C | P228S | S255A | S257A",4
"Node33 to Node34","S228A | Q268R",2
"Node34 to Node35","N251D | S349P",2
"Node35 to Node36","N171D | Q182P | E219Q | A222E",4
"Node36 to Node37","Q219E | E222A | A271S | H285R",4
"Node37 to Node38","V183E | A228E | K263R",3
"Node38 to Node39","S2E | K212R | E219D | R250E | E260A | S271R | V272L | T276A | R285N | N287E",10
"Node39 to Node40","T96A | A214G | I220V | A222R | E250D | R271H",6
"Node40 to Node41","A96T | G214A | V220I | R222A | D250E | H271R | E273D",7
"Node41 to Node42","E248Q",1
"Node42 to Node43","E2R | T96A | M198S | R218S | D219E | A221S | E234D | E250D",8
"Node43 to Node44","A222G",1
"Node44 to Node45","A158G | E219R | V258I",3
"Node45 to Node46","S218E | S221R",2
"Node46 to Node47","D215E | T231A | D234H | R246Q | Q248K | A260S | R263S",7
"Node47 to Node48","R212Q | A231E | S263A | M292L",4
"Node48 to Node49","Q10E | Q232K | K248R | I258V",4
"Node49 to Node50","E218G",1
"Node50 to Node51","D250E",1
"Node51 to Node52","R248S",1
"Node53 to Node54","A263T",1
"Node54 to Node55","V258I",1
"Node55 to Node56","K232E | S248R | E250D | I258V | T263A",5
"Node56 to Node57","E231D",1
"Node57 to Node58","I220V | S260A | A263S",3
"Node59 to Node60","A214S | G222D | E228P",3
"Node60 to Node61","Q201K | R248H",2
"Node61 to Node62","K201Q | Q212R | S214A | V220I | D222E | P228E | H248R | A260S | S263A",9
"Node62 to Node63","I244V | D250E",2
"Node63 to Node64","R212Q | A213S | G218E | E222G | D231E | E232Q | V244I | R248K | E250D | V258I | S260A",11
"Node64 to Node65","H234S",1
"Node65 to Node66","Q232K | K248E",2
"Node66 to Node67","S234N | A263T",2
"Node67 to Node68","I206V | S213A | E228D",3
"Node68 to Node69","E10Q | I204V | Q212R | A214G | E215D | V216L | E231T | K232Q | N234D | Q246R | E248Q | T263R | N285Q | L292M",14
"Node69 to Node70","R219L | T231S | Q232E | M292L",4
"Node70 to Node71","G158A | V204I | V206I | G214A | D215H | L216V | E218S | L219E | R221S | D228E | S231T | E232Q | I258V | Q285N | L292M",15
"Node71 to Node72","A158G | H215Q | E219D | I223V | A233V | D250E | V266I | A276T",8
"Node72 to Node73","T231V | I286L",2
"Node73 to Node74","M199T | A213T | A214T | Q215D | S218N | D219E | G222A | V223I | V231T | V233A | E250D | I266V | D273Q | T276A | L286I",15
"Node74 to Node75","R2E | A96T | G158A | S198M | T199M | T213A | T214A | N218R | E219D | S221A | E228D | D234E | D250E | Q273D",14
"Node75 to Node76","T96A | D219E | Q232R | I244V | A276S",5
"Node76 to Node77","A96T | E219D | R232Q | V244I | S276A",5
"Node77 to Node78","T96A | I204V | I206V | V210A",4
"Node78 to Node79","E2S | A96T | V204I | V206I | A210V | R212K | D219E | A221S | D228A | Q248E | E250R | A260E | R263K | R271S | L272I | D273E | A276T | N285R | E287N",19
"Node79 to Node80","R218D | E219Q | A222G | Q232K | S271R | I286V",6
"Node80 to Node81","D171N | P182Q | E183V | D218R | Q219E | G222S | A228S | K232Q | D251N | R268Q | R271A | I272V | R285H | V286I",14
"Node81 to Node82","C197H | R218S | E219A | S221A | S222A | S228P | P349S",7
"Node82 to Node83","D215S | S349P",2
"Node83 to Node84","L184A | S215A | S218R | A219E | A221S | A222G | R250N | A255S | A257S | N287S | P349S",11
"Node88 to Node89","A184L | R218Q",2
"Node89 to Node90","A271G",1
"Node90 to Node91","G271A | E273Q",2
"Node91 to Node92","Q218R | S221A | Q273E",3
"Node92 to Node93","L184A | R218H | A221S | N250H",4
"Node93 to Node94","H250N",1
"Node94 to Node95","A184L | H218G",2
"Node95 to Node96","L184A | G218H | N250H",3
"Node96 to Node97","H218R",1
"Node97 to Node98","R218H | P228S | H250R",3
"Node99 to Node100","A184L | A215D | S228T",3
"Node100 to Node101","A271T",1
"Node101 to Node102","L184A | D215A | H218A | T228P | T271A",5
"Node103 to Node104","A215D",1
"Node104 to Node105","A218G",1
"Node106 to Node107","A184L | D215E",2
"Node107 to Node108","Q232L",1
"Node108 to Node109","P228T",1
"Node110 to Node111","G218A | S221A | S255A | S257A | A271S | S349P",6
"Node111 to Node112","N171D | Q182P | S271G",3
"Node112 to Node113","I269V | I283V",2
"Node113 to Node114","V183E | K263R | E273N",3
"Node114 to Node115","K212R | A218E | A221S | G222H | R250H | V272I",6
"Node115 to Node116","D171N | P182Q | E183V | R212K | E218G | H222G | H250R | A255S | A257S | R263K | V269I | G271A | I272V | N273E | V283I | P349S",16
"Node116 to Node117","E219H | S255A | S257A",3
"Node117 to Node118","G218S",1
"Node119 to Node120","E215D | S349P",2
"Node120 to Node121","N171D | Q182P | T228S",3
"Node126 to Node127","D171N | P182Q | D215E | S228T | P349S",5
"Node128 to Node129","S218G",1
"Node131 to Node132","I223V",1
"Node135 to Node136","A271S | S349P",2
"Node137 to Node138","N171D | Q182P | H219Q | S221R | S271G",5
"Node138 to Node139","V183E | E215A | G218D | Q219T",4
"Node139 to Node140","E183V | A215E | D218G | T219H | R221S | K263R | G271A | V272I",8
"Node140 to Node141","D171N | P182Q | V223I | L232R | R263K | I272V | P349S",7
"Node143 to Node144","N171D | Q182P | I223M | R250N | A271T | S349P",6
"Node144 to Node145","D171N | P182Q | M223I | R232L | N250R | T271A | P349S",7
"Node145 to Node146","H219E | T228P | A255S | A257S",4
"Node146 to Node147","L232Q",1
"Node147 to Node148","G218H | A271T",2
"Node148 to Node149","E215N | H218G | T271A",3
"Node149 to Node150","E219Q",1
"Node150 to Node151","S221A | P228T | S255A | S257A",4
"Node152 to Node153","G218S | Q219E | A221S | T228P | A255S | A257S",6
"Node153 to Node154","S218E | S255A | S257A",3
"Node154 to Node155","N171D | Q182P | K212R | G222S | E248Q | R250N | E273Q | S349P",8
"Node155 to Node156","Q273H",1
"Node158 to Node159","V183E | H273N",2
"Node159 to Node160","D171N | P182Q | E183V | R212K | E218S | S222G | Q248E | N250R | A255S | A257S | N273E | P349S",12
"Node161 to Node162","L184A | N215A | S218A",3
"Node162 to Node163","E219A | G222K",2
"Node163 to Node164","A184L | A218E | R250N | S255A | S257A | A271S | E273K",7
"Node166 to Node167","N171D | A219T | S221A | S349P",4
"Node167 to Node168","D171N | L184A | T219E | A221S | K222G | Q232T | N250E | A255S | A257S | K263Q | S271N | K273E | I283V | I286L | P349S",15
"Node168 to Node169","T231I | N251T | E260D | N271Q",4
"Node169 to Node170","A214S | E219V | T232Q | Q263R",4
"Node172 to Node173","A184L | L264M | Q268R",3
"Node174 to Node175","N171D | G222K | E250D | S255A | S257A | R268K | I269V | S349P",8
"Node175 to Node176","Q182P | E248Q",2
"Node177 to Node178","A215T",1
"Node179 to Node180","V219T",1
"Node182 to Node183","V183E | E273D",2
"Node186 to Node187","D260E",1
"Node190 to Node191","K268R",1
"Node194 to Node195","D250E",1
"Node195 to Node196","E218D",1
"Node196 to Node197","D218E | T219I | M264L",3
"Node197 to Node198","I219T | K222E | E250D | L264M",4
"Node198 to Node199","E222K",1
"Node199 to Node200","K222A | R268K | D273E",3
"Node200 to Node201","A222K | E273D",2
"Node210 to Node211","E260A",1
"Node211 to Node212","T215I | A260E",2
"Node220 to Node221","I215T",1
"Node225 to Node226","S221A",1
"Node233 to Node234","T219V",1
"Node236 to Node237","D250E",1
"Node238 to Node239","E218D",1
"Node239 to Node240","I223L | D273E",2
"Node240 to Node241","E250D",1
"Node241 to Node242","K212R",1
"Node243 to Node244","R212K | D250E",2
"Node244 to Node245","L223I | E273D",2
"Node245 to Node246","D218E | V219A | I223L",3
"Node246 to Node247","P228A",1
"Node247 to Node248","A221G",1
"Node248 to Node249","T215A | A219V | G221A | L223I | A228P | E250D",6
"Node250 to Node251","A215T | P228T",2
"Node251 to Node252","V219T | T228P | A249S",3
"Node252 to Node253","S249A",1
"Node253 to Node254","E218D",1
"Node256 to Node257","T219L",1
"Node257 to Node258","A221G",1
"Node258 to Node259","D218Q | L219T | G221A",3
"Node259 to Node260","S214T | K222R",2
"Node260 to Node261","T214S | Q218E | R222K",3
"Node263 to Node264","D273E",1
"Node264 to Node265","E260A",1
"Node265 to Node266","Q248E | L286I",2
"Node267 to Node268","E248Q | I286L",2
"Node268 to Node269","I223L | E273D",2
"Node270 to Node271","T215I",1
"Node273 to Node274","I244V",1
"Node277 to Node278","V244I",1
"Node278 to Node279","I215T",1
"Node279 to Node280","L223I | A249S | D273E | V283I",4
"Node280 to Node281","I223L",1
"Node281 to Node282","L223I | S249A | A260E | I283V",4
"Node283 to Node284","S214T | V269I",2
"Node286 to Node287","I223L",1
"Node287 to Node288","T214S | L223V | I269V",3
"Node288 to Node289","K222R",1
"Node290 to Node291","R222K | V223I",2
"Node291 to Node292","T215L",1
"Node294 to Node295","E218D",1
"Node295 to Node296","D218E",1
"Node296 to Node297","L215T | I231L | V269I | E273D",4
"Node297 to Node298","S214T",1
"Node298 to Node299","L231T",1
"Node300 to Node301","T214S | A221G | T231I | I269V",4
"Node304 to Node305","A249S",1
"Node306 to Node307","G221S | I223L | S249A",3
"Node310 to Node311","T215V",1
"Node311 to Node312","V215T | K268R",2
"Node314 to Node315","V230I",1
"Node315 to Node316","K222E | I230V | Q248R",3
"Node316 to Node317","T215I | E222K | R248Q",3
"Node317 to Node318","I215T | L223I | R268K",3
"Node318 to Node319","D250E",1
"Node323 to Node324","I231L | E250D",2
"Node324 to Node325","L231I",1
"Node325 to Node326","E218D",1
"Node331 to Node332","I231L",1
"Node339 to Node340","T215I",1
"Node340 to Node341","I215T | L231I | K268R",3
"Node341 to Node342","R268K",1
"Node342 to Node343","E260D",1
"Node344 to Node345","P228S",1
"Node345 to Node346","D260E",1
"Node346 to Node347","T215S | I223F | T251S | V269I | Q271G",5
"Node347 to Node348","S215T | F223I | S251T | I269V | G271Q",5
"Node348 to Node349","S228P | E260D | M264L",3
"Node349 to Node350","D260E | L264M",2
"Node357 to Node358","D218E | I231V | E260A",3
"Node358 to Node359","A260G",1
"Node359 to Node360","V231I | A249S | G260E",3
"Node360 to Node361","D250E",1
"Node362 to Node363","E250D",1
"Node369 to Node370","S249A | E260D | K268R",3
"Node370 to Node371","R268K",1
"Node403 to Node404","M264L",1
"Node407 to Node408","S221G",1
"Node408 to Node409","T215S | L286I",2
"Node410 to Node411","S215T | G221S | I231V | I286L",4
"Node412 to Node413","T219E",1
"Node415 to Node416","L264M",1
"Node416 to Node417","E219T | I223L | V231I | M264L",4
"Node421 to Node422","E218D",1
"Node422 to Node423","D218E | L223I",2
"Node425 to Node426","E209D",1
"Node426 to Node427","D209E | L264M",2
"Node427 to Node428","S221T",1
"Node428 to Node429","T221S",1
"Node429 to Node430","V230I",1
"Node430 to Node431","I231V",1
"Node431 to Node432","V231I",1
"Node434 to Node435","T215V",1
"Node435 to Node436","L205M | V215T | I230V",3
"Node436 to Node437","M205L | I275L",2
"Node437 to Node438","L275I",1
"Node441 to Node442","S221G",1
"Node448 to Node449","T219L",1
"Node451 to Node452","D260E",1
"Node463 to Node464","L219V | P228T",2
"Node464 to Node465","V219L | T228P",2
"Node474 to Node475","K268R",1
"Node475 to Node476","E260G | R268K",2
"Node476 to Node477","G260A",1
"Node477 to Node478","A260G",1
"Node478 to Node479","G260D",1
"Node482 to Node483","E218D",1
"Node483 to Node484","I231V",1
"Node491 to Node492","V231I",1
"Node492 to Node493","D218E | L219T",2
"Node493 to Node494","I231V",1
"Node496 to Node497","K222A | D273E",2
"Node497 to Node498","T219E | A222K | E273D",3
"Node498 to Node499","E209D",1
"Node499 to Node500","D209E",1
"Node503 to Node504","E219T | V231I",2
"Node504 to Node505","D250E",1
"Node505 to Node506","P228S | E250D",2
"Node506 to Node507","G221S | S228P",2
"Node507 to Node508","I231L",1
"Node509 to Node510","L231I | A249S",2
"Node512 to Node513","I223L",1
"Node513 to Node514","D260E",1
"Node516 to Node517","S221A",1
"Node518 to Node519","E218D | T219V | V230I | I231L | V269I | V283I",6
"Node519 to Node520","T251S",1
"Node520 to Node521","Q232H",1
"Node522 to Node523","T96A | S249A | Q271K",3
"Node523 to Node524","A96T | T215S | D218E | V219L | I220V | A221S | I230V | L231I | H232Q | A249S | S251T | M264L | I269V | K271Q | V272I | I283V | L286F",17
"Node524 to Node525","S215T | L219T | V220I | L264M | I272V | F286L",6
"Node529 to Node530","T215A | L223I | E260D",3
"Node531 to Node532","S214T",1
"Node532 to Node533","S221A",1
"Node533 to Node534","A215I",1
"Node534 to Node535","T214S | I215A | A221S | D260A",4
"Node535 to Node536","A215I",1
"Node537 to Node538","S249A",1
"Node540 to Node541","I215T | A249S | A260D",3
"Node545 to Node546","D250E",1
"Node547 to Node548","S249A | E250D",2
"Node551 to Node552","P228Q",1
"Node552 to Node553","T219M",1
"Node553 to Node554","M219T | Q228P",2
"Node560 to Node561","I231V",1
"Node562 to Node563","V231I",1
"Node580 to Node581","I223L",1
"Node583 to Node584","S221G",1
"Node584 to Node585","D260A | D273E",2
"Node585 to Node586","L223I | I231L",2
"Node586 to Node587","E218D | T219I | M264L",3
"Node587 to Node588","D218E | I219T | I223L | L231I | A260D | L264M | E273D",7
"Node589 to Node590","G221S | K222R",2
"Node590 to Node591","R222K | D273E",2
"Node591 to Node592","L223I | K268R",2
"Node593 to Node594","S221A | V269I | Q271R",3
"Node594 to Node595","T219V | A221G | K222G",3
"Node595 to Node596","G221S | G222K | P228S | D260E | I269V | R271Q",6
"Node596 to Node597","D250E | V269I | Q271A",3
"Node598 to Node599","E183V | V219T | S228P | E250D | E260D | R268K | I269V | A271Q",8
"Node599 to Node600","V183E | A249S",2
"Node600 to Node601","I204V | T219I | I220V | S249A | V283I",5
"Node601 to Node602","V258M",1
"Node602 to Node603","V245L",1
"Node604 to Node605","V272A",1
"Node605 to Node606","L245V | Q248R | D250E | A272V",4
"Node606 to Node607","E183V | V204I | I219V | V220I | R248Q | E250D | M258V | I283V",8
"Node607 to Node608","V183E | P228A | D260A",3
"Node609 to Node610","V269I",1
"Node610 to Node611","S221A | Q271S",2
"Node611 to Node612","A221S | I269V | S271Q | L286I",4
"Node612 to Node613","E183V | S221A | A228P | A260D | I286L",5
"Node613 to Node614","V183E | M264L",2
"Node615 to Node616","K222G | P228E | Q271R",3
"Node616 to Node617","E183V | G222K | E228P | L264M | R271Q",5
"Node617 to Node618","T215A | A221S | D260E",3
"Node619 to Node620","V219T",1
"Node620 to Node621","V183E | S221G",2
"Node622 to Node623","A215F | T219S",2
"Node624 to Node625","K222Q",1
"Node625 to Node626","G221A",1
"Node626 to Node627","A221S",1
"Node627 to Node628","P228A",1
"Node630 to Node631","F215L",1
"Node631 to Node632","L215F",1
"Node632 to Node633","A228P",1
"Node634 to Node635","S221G",1
"Node636 to Node637","F215S",1
"Node638 to Node639","S215F",1
"Node645 to Node646","Q222K | E260D",2
"Node647 to Node648","P228A",1
"Node648 to Node649","F215V",1
"Node649 to Node650","K222N",1
"Node650 to Node651","V215F | N222Q | A228P",3
"Node653 to Node654","F215A | S219V | Q222K | D260E",4
"Node654 to Node655","V219F | K222S | V258M",3
"Node655 to Node656","A213S | F219L | I223F | P228D | E234Q | Q248E | D250T | E260D",8
"Node657 to Node658","I204V | S213A | L219F | F223I | D228P | Q234E | E248Q | T250D | D260E | E273D",10
"Node658 to Node659","V204I | F219T | S222K | I231M | M258V | M264L | D273E",7
"Node659 to Node660","E183V | G221S | M231I | L264M",4
"Node660 to Node661","T219V",1
"Node661 to Node662","I231L",1
"Node662 to Node663","V183E | S221A",2
"Node665 to Node666","E273D",1
"Node666 to Node667","L286I",1
"Node667 to Node668","A221S",1
"Node668 to Node669","P228E | L231I",2
"Node669 to Node670","Q271K",1
"Node670 to Node671","V219T | S221A | Q232T | Q248E | T251S | V269I",6
"Node671 to Node672","T219V | A221S | T232Q | E248Q | S251T | E260D | K268R | I269V | K271Q",9
"Node672 to Node673","S221A | E228P | I231L | D250E | D260E | R268K | I286L",7
"Node673 to Node674","M264I",1
"Node675 to Node676","E250D | I264M | D273E",3
"Node676 to Node677","Q232T",1
"Node677 to Node678","P228N",1
"Node678 to Node679","K212R | N228P",2
"Node682 to Node683","L286I",1
"Node683 to Node684","K222Q | I244V | M264L | K268N | Q271R",5
"Node684 to Node685","E183V | R212K | A221S | Q222K | T232Q | V244I | L264M | N268K | R271Q | I286L",10
"Node685 to Node686","V183E | P228H",2
"Node686 to Node687","K222T",1
"Node688 to Node689","H228Q",1
"Node689 to Node690","Q228R",1
"Node690 to Node691","V219T | R228H",2
"Node691 to Node692","D250G",1
"Node692 to Node693","T219V | T222K | G250D",3
"Node694 to Node695","S221A | H228P | L231I | M264L",4
"Node695 to Node696","K268R | E273S",2
"Node698 to Node699","E183V | A221S | L264M | R268K | S273E | L286I",6
"Node699 to Node700","V183E | E273D",2
"Node700 to Node701","I223L",1
"Node701 to Node702","I286L",1
"Node702 to Node703","S221A | E260D | L286I",3
"Node704 to Node705","A221S | L223I | P228D | D260E",4
"Node706 to Node707","Q248R",1
"Node708 to Node709","R248Q | V272A",2
"Node709 to Node710","D273E",1
"Node710 to Node711","E218D | D228P | A272V",3
"Node711 to Node712","S221A",1
"Node712 to Node713","E183V | D218E | A221S | P228S | E260D | I286L",6
"Node713 to Node714","S228P | Q248E | M264L",3
"Node714 to Node715","I231L",1
"Node715 to Node716","V219S",1
"Node716 to Node717","V183E | S214T",2
"Node717 to Node718","Q232T",1
"Node718 to Node719","S221A",1
"Node719 to Node720","D250E | K268Q",2
"Node721 to Node722","T232Q",1
"Node722 to Node723","E218Q | P228A",2
"Node723 to Node724","A228E",1
"Node724 to Node725","A221S",1
"Node725 to Node726","L231V | V258M",2
"Node726 to Node727","Q218E | S221A | E228P | V231L | Q232T | M258I | H285R",7
"Node727 to Node728","D260E",1
"Node728 to Node729","T251S",1
"Node730 to Node731","L231V | Q268N",2
"Node731 to Node732","P228A",1
"Node733 to Node734","K222R | V231I",2
"Node734 to Node735","T96A | R222G",2
"Node735 to Node736","A215S | Q271R",2
"Node736 to Node737","S215A | G222K | I231V | T232Q | E260D | N268Q | R271Q | V272I",8
"Node737 to Node738","A228E",1
"Node738 to Node739","A96T | S219T | E228P | V231L | Q232T | R246K | E250D | S251T | I258V | L264M | Q268K | Q271K | I272V | R285H",14
"Node739 to Node740","L231I",1
"Node740 to Node741","A221S",1
"Node741 to Node742","E218R | S221A | K222G | I231L | D250E | K268E",6
"Node743 to Node744","D260E | E268Q",2
"Node744 to Node745","R218E | T219S | A221S | G222K | T232Q | K246R | E250D | E260D | M264L | Q268K | K271Q",11
"Node745 to Node746","E183V | T214S",2
"Node746 to Node747","V183E | A215T | E218D | S219V | Q271R | E273A",6
"Node747 to Node748","D260E",1
"Node748 to Node749","D250G | K268E",2
"Node749 to Node750","K212R | T251S",2
"Node750 to Node751","R212K | S251T",2
"Node752 to Node753","L231I | A273P",2
"Node754 to Node755","T215A | K222R | Q232R",3
"Node755 to Node756","G250A",1
"Node756 to Node757","P228S",1
"Node757 to Node758","T96A | E234D",2
"Node758 to Node759","I223V | S228P | R232K | D234E | T251S | E268Q",6
"Node759 to Node760","A96T | A215T | R222K | V223I | K232Q | V245A | A250S | Q268E",8
"Node760 to Node761","K222E | I231V",2
"Node761 to Node762","T96A | I223L | S250D",3
"Node762 to Node763","A96T | E222K | V231L | A245V | D250G | S251T | P273A",7
"Node763 to Node764","L223I | Q232T",2
"Node765 to Node766","E183V | T215A | D218E | L231I | T232Q | G250D | E260D | E268K | R271Q | A273D",10
"Node766 to Node767","V183E | D260E",2
"Node767 to Node768","K222D",1
"Node768 to Node769","E218A | V219L | V269I",3
"Node769 to Node770","D171N | P182Q | E183V | A218G | L219V | D222G | D250E | E260D | L264M | K268R | D273E | P349S",12
"Node770 to Node771","G222D",1
"Node771 to Node772","N171D | Q182P | V219A | D260E | M264L | S349P",6
"Node773 to Node774","I206V | A219V | V258M | E260D | L264M | H285N",6
"Node774 to Node775","V183E | Q201H | S221A | I231V | E250G | R268Q",6
"Node775 to Node776","D222G | P228T | V231L",3
"Node776 to Node777","D171N | P182Q | E183V | H201Q | V206I | A213S | A215N | G218E | A221S | T228P | L231V | G250E | M258V | M264L | N285H | P349S",16
"Node777 to Node778","P228T",1
"Node778 to Node779","N171D | G222R | R263K | S349P",4
"Node781 to Node782","Q182P | S213A | E218G | V219T | R222G | K263R",6
"Node782 to Node783","V183E | V200I | Q201E | E209K | V210A | S214P | N215A | G218E | T219A | G222A | T228P | V231L | Q232R | E234K | D235S | A249G | T276S | H285E | A289Q | A290R | R291L | G380Q | P381A",23
"Node783 to Node784","T96A | A158G | K209R | K212T | P214R | A215D | E218A | I220V | I223V | S235A | V245A | R246Q | V266I | Q268R",14
"Node784 to Node785","A96T | G158A | R209K | T212K | R214P | D215A | A217T | A218E | V220I | V223I | A235S | A245V | Q246R | E250P | I266V | R268Q | S276Y",17
"Node785 to Node786","K209A | L231V",2
"Node786 to Node787","D171N | P182Q | E183V | I200V | E201Q | A209E | A210V | G211A | P214S | T217A | A219T | A222G | P228K | V231I | R232Q | K234E | S235D | G249A | P250E | T251S | Y276T | E285H | Q289A | R290A | L291R | P349S | Q380G | A381P",28
"Node787 to Node788","A211G | S214A | T219R | S221G | K228P | Q232T | S251T | A255S | A257S | R263Q | Q271A | E273D | L286I | S287K",14
"Node788 to Node789","L184A | Q201K | R219Q | G221S | I231T | I244V | E250P | T251N | D260E | Q268N | A271N | D273Q | H285R | I286L | K287S",15
"Node789 to Node790","K201Q | E218A | Q219E | T231I | T232S | V244I | P250E | E260Q | N268Q | Q273E | R285H",11
"Node790 to Node791","I223T",1
"Node791 to Node792","A218G | S221A | T223S | Q263K | L264M | Q268K",6
"Node793 to Node794","Q260L",1
"Node794 to Node795","P228T",1
"Node796 to Node797","A184L | A221S",2
"Node797 to Node798","V230I | K268N",2
"Node798 to Node799","G218A | S255A | S257A",3
"Node799 to Node800","A218G | S223G | L260Q",3
"Node800 to Node801","N171D | Q182P | G218S | G223N | Q260K | S349P",6
"Node803 to Node804","D171N | P182Q | S218G | N223G | K260Q",5
"Node806 to Node807","L184A | S221A | G223S | T228E | I230V | A255S | A257S | Q260L | N268K | P349S",10
"Node807 to Node808","A184L | A221K | G222D | S223F | E228A | L260Q",6
"Node808 to Node809","V230I | S255A | S257A",3
"Node809 to Node810","A228Q | I230V | E250D",3
"Node810 to Node811","L184A | A214S | G218A | K221S | D222G | F223L | Q228A | D250E | N251T | A255S | A257S | Q260N | K263Q | M264L | K268Q | I269V | E273A",17
"Node811 to Node812","Q201H | S214A | L223I | A228P | I231T | S232T | E250D | T251N | N260Q | Q268R | V269I | A273D | S287A",13
"Node812 to Node813","E248D | N251T | D273E",3
"Node813 to Node814","A158G | T231S",2
"Node814 to Node815","N171D | Q182P | D250E | S349L",4
"Node815 to Node816","S231A",1
"Node817 to Node818","R185K | A218S | P228A | D248E | A314V",5
"Node821 to Node822","P4R | H181P | E250D | A287G",4
"Node826 to Node827","A228T | K376A",2
"Node831 to Node832","I164V | S218A | T228P | M292L",4
"Node840 to Node841","G151R | G167A | H172I | E192R | S221A | A231T | T251N | A289G",8
"Node841 to Node842","T179N | Q260L",2
"Node843 to Node844","S180H | P228A | S255A | S257A | D377T",5
"Node845 to Node846","W144Y | R156S | E273D",3
"Node848 to Node849","R168S | A228S | N271S | P309S",4
"Node849 to Node850","D250G | N251T | L260E | Q263R | I269V",5
"Node851 to Node852","E219T | T232K | H285N",3
"Node852 to Node853","A221S | G222E | G250N | S309P",4
"Node853 to Node854","S168R | A215Q | N250D | L286I",4
"Node854 to Node855","T96A | A218S | D250E",3
"Node857 to Node858","S228A",1
"Node861 to Node862","E260D",1
"Node862 to Node863","T251S",1
"Node863 to Node864","S218T | D260A",2
"Node864 to Node865","T218S | A260D",2
"Node865 to Node866","R246T | E250Q",2
"Node866 to Node867","D260E",1
"Node867 to Node868","T246R | Q250D | S251T | E260D",4
"Node868 to Node869","A228S",1
"Node869 to Node870","S228D",1
"Node870 to Node871","S218T",1
"Node871 to Node872","T218S | D228S",2
"Node872 to Node873","S228A",1
"Node874 to Node875","E222S | D250E | D260E",3
"Node876 to Node877","S222E | A228S | K232R",3
"Node879 to Node880","S218T",1
"Node880 to Node881","S221A",1
"Node881 to Node882","S228A",1
"Node882 to Node883","E222D | R232K",2
"Node883 to Node884","T218S | A221S | D222E | A228S | K232R | E260D",6
"Node886 to Node887","R232K | D260E",2
"Node888 to Node889","E222Q",1
"Node890 to Node891","T219S | Q222E",2
"Node892 to Node893","A96T | S218A | S219T | E250D",4
"Node893 to Node894","S228D",1
"Node895 to Node896","T96A | T251S",2
"Node898 to Node899","E248Q | S251T | I286L",3
"Node899 to Node900","T231S | Q248E | D250E | L286I",4
"Node901 to Node902","A96T | R168S | Q215A | T219S | D228S | S231T | E250N | I286L",8
"Node902 to Node903","S228A",1
"Node903 to Node904","S168R | S221G",2
"Node904 to Node905","T96A | T251S | L286I",3
"Node905 to Node906","S219A",1
"Node906 to Node907","A96T | R168S | A219S | G221S | S251T | I286L",6
"Node909 to Node910","A218T | S219T | S221A | E222G | A228S | N250G | T251S | P309S",8
"Node910 to Node911","S309P",1
"Node911 to Node912","T218Q | S228A",2
"Node912 to Node913","S168R | A221S",2
"Node915 to Node916","R168S | A215S | Q218A | T219E | S221A | G222E | A228P | K232T | G250A | S251T | L264M | N285H",12
"Node916 to Node917","T96A | S168R | A213S | A218K | A221E | E222Q | T232Q | E260D | R263K | V266M | L286F",11
"Node917 to Node918","A267S",1
"Node918 to Node919","T251S | M264L",2
"Node919 to Node920","E248Q",1
"Node921 to Node922","A250S",1
"Node922 to Node923","S271A",1
"Node923 to Node924","S3A | S267A | D273E",3
"Node924 to Node925","Q248E",1
"Node925 to Node926","S156R | L264Q | V265I | A267S",4
"Node926 to Node927","R156S | Q264L | I265V | S267A",4
"Node927 to Node928","A3S | E248Q | A267S | E273D",4
"Node929 to Node930","A214S | Q248E | S250A",3
"Node930 to Node931","V245A",1
"Node931 to Node932","S214A | A245V | A250P | S251T | L264M | A271S",6
"Node935 to Node936","S3A | R4H | A96T | K185E | K193R | H201S | S213A | K218A | I220V | E221A | Q222E | Q232S | P250A | T251D | D260E | K263R | M266V | S267A | F286L",19
"Node936 to Node937","S2L | T96A | R194E | E219A | E234D | V272I",6
"Node937 to Node938","K195P | H197V | I223L | S271G | H285N",5
"Node938 to Node939","S201E | K212R",2
"Node939 to Node940","S156R | E201Q | A213S | A218R | S232Q | E260Q | R268E | G271R",8
"Node940 to Node941","E222A | Q232R | A250T",3
"Node941 to Node942","G196A | M198V | Q201S | V210L | R212K | S213A | S215A | R218A | V220A | A221G | A222E | R232S | R246K | T250S | Q260E | A267S | E268R | V269I | R271G",19
"Node942 to Node943","R156S | P195K | A196G | V197H | V198M | Q207L | L210V | A215E | A220V | G221A | L223I | T231K | S232A | I244V | K246R | S250Q | V258M | M264L | S267A | I269V | G271S | D273E | T276D | N285H",24
"Node943 to Node944","L2S | A3T | H4R | A96T | R168S | E185K | R193K | E194R | S201H | L207Q | E215A | A219E | V220I | E222G | P228S | K231T | A232T | D234E | V244I | Q250D | D251N | M258V | E260L | R263Q | R268K | V269I | I272V | E273D | D276T | P309S | H312Q",31
"Node944 to Node945","S2G | K193T | M198A | H201Q | I206V | A218S | S228A | T231V | T232S | N251D | I269V | D273S | H285K | S288N",14
"Node945 to Node946","S271G",1
"Node946 to Node947","T96A | L260E",2
"Node947 to Node948","R192Q | T193N | V206I | S218A | A221G | G222A",6
"Node948 to Node949","Q192R | N193T | I206V | A218S | G221A | A222G | S273N",7
"Node949 to Node950","K185A | R194G | I223L | V231I | K268R",5
"Node950 to Node951","A221G | A228P | Q263R | G271N",4
"Node951 to Node952","G287N",1
"Node953 to Node954","A215S",1
"Node954 to Node955","I231V | N287S",2
"Node955 to Node956","S215A | V231L | S287G",3
"Node956 to Node957","A185K | G194R | Y203F | E219A | G221A | G222D | L223I | P228A | L231V | D250G | R263Q | R268K | N271G",13
"Node957 to Node958","F203Y | D222G | G250D | E260L | K268Q | N273S",6
"Node958 to Node959","A228T | K285H | G287A",3
"Node959 to Node960","A221S",1
"Node960 to Node961","S218A | A219E | G222K | A287S",4
"Node961 to Node962","K222T | S273G",2
"Node962 to Node963","G2S | T3S | A96T | S168R | T193K | A198M | Q201H | V206I | S221A | T222G | T228Q | V231T | S232T | D251N | Q268R | V269I | G271N | G273D | S287G | N288S | S309P | Q312H",22
"Node963 to Node964","N251S",1
"Node967 to Node968","S251N",1
"Node968 to Node969","G222E | Q228A",2
"Node969 to Node970","Y144W | K212Q | D250E",3
"Node970 to Node971","E219K",1
"Node971 to Node972","S156R | Q212K | K219E | A221S | E222G | E250D | D273E",7
"Node972 to Node973","R151G | V164I | A167G | I172H | N179T | H180S | R192E | A218S | A228T | T231A | D250E | N251T | A255S | A257S | L260Q | G289A | L292M | T377D",18
"Node973 to Node974","R4P | G158A | D171N | P181H | P182Q | K185R | S218A | T228P | A231T | E248D | E250D | T251S | G287A | V314A | L349S | A376K",16
"Node974 to Node975","R194T | H197R | M198A | A233S | D248E | S251T | R268K | I269V | N271G",9
"Node977 to Node978","D250E",1
"Node979 to Node980","T232S",1
"Node980 to Node981","S221A",1
"Node982 to Node983","T251N",1
"Node983 to Node984","G271N",1
"Node984 to Node985","A215S",1
"Node986 to Node987","E250D",1
"Node987 to Node988","E248A | S288R",2
"Node991 to Node992","A184L | A221S",2
"Node992 to Node993","S215A",1
"Node994 to Node995","G222S | A314G",2
"Node1004 to Node1005","N251S | S255A | S257A",3
"Node1005 to Node1006","S251T",1
"Node1006 to Node1007","N171D | Q182P | S222T | R246K",4
"Node1007 to Node1008","P228S",1
"Node1013 to Node1014","H285N",1
"Node1015 to Node1016","S228P | N285H",2
"Node1016 to Node1017","D171N | P182Q | T222S | K246R | T251S",5
"Node1017 to Node1018","S222G | S251N | A255S | A257S | G314A",5
"Node1018 to Node1019","S221A | S255A | S257A | K268R | A314G",5
"Node1019 to Node1020","N171D | I223V | N251T",3
"Node1021 to Node1022","Q182P | A248T",2
"Node1022 to Node1023","D250E",1
"Node1023 to Node1024","E273D",1
"Node1024 to Node1025","P182Q | T248A | E250D | D273E",4
"Node1028 to Node1029","D171N | L184A | A215S | V223I | T251N | A255S | A257S | R268K | G314A",9
"Node1029 to Node1030","A184L | P228S | A314G",3
"Node1031 to Node1032","S228P | Q260E | G314A",3
"Node1034 to Node1035","I223L",1
"Node1035 to Node1036","N171D | Q182P | T231A | A248E | S255A | S257A | E260D | K268N | E273D | A314G",10
"Node1036 to Node1037","D171N | P182Q | H201N | G222N | L223I | A231T | D250E | A255S | A257S | D260E | N268K | D273N | A287E | R288S | G314A",15
"Node1038 to Node1039","N222K | T231A | S255A | S257A",4
"Node1039 to Node1040","L184A | N201H | S215A | K222G | A231T | A255S | A257S | E260Q | K268R | N273E | E287A",11
"Node1040 to Node1041","S232T",1
"Node1042 to Node1043","A215E | H285N",2
"Node1043 to Node1044","N171D | Q182P | A184L | H201N | A218S | I223M | S233A | S255A | S257A | Q260I | L264M | E273A",12
"Node1044 to Node1045","D171N | P182Q | L184A | N201H | E215A | S218A | M223I | A233S | E250D | A255S | A257S | I260E | M264L | A273E | N285H",15
"Node1045 to Node1046","D250N",1
"Node1046 to Node1047","A184L | A221S | N251S",3
"Node1047 to Node1048","N250D | S255A | S257A | H285R",4
"Node1048 to Node1049","N171D | Q182P | V183E | H201Q | G222S | S233A | A249S | Q263R | E273A",9
"Node1050 to Node1051","P182Q | E183V | Q201H | S222G | A233S | S249A | D250E | R263Q | N271S | A273E",10
"Node1051 to Node1052","D171N | K212R | S221A | G222D | T231A | T232S | S251D | A255S | A257S | E260Q | Q263R | S271N | R285H",13
"Node1052 to Node1053","L184A | R212K | D222G | A231T | E250D | D251N | R263Q | R268K | N271G",9
"Node1053 to Node1054","G222T | D250E | N251T",3
"Node1054 to Node1055","A184L | H201Q | T231I | A247S | K268S | V269I | E273D",7
"Node1055 to Node1056","L184A | Q201H | T222R | I231T | S232T | S247A | S268K | I269V | D273E",9
"Node1056 to Node1057","V183D | A184L | K193T | T194R | R197H | A198M | H201Q | K212R | A218S | I220V | R222G | S233A | E234Q | R246C | E250D | T251D | Q260T | Q263R | L264T | A267S | G271A | E273P | H285S | L286A | A287D | S349P",26
"Node1057 to Node1058","S2A | P228D | K268A | A271K | S288V | V383P",6
"Node1058 to Node1059","E219D | T232R | T264D | A286T",4
"Node1059 to Node1060","L6P | A91S | A92S | A126S | G130T | A158S | T193V | R212K | S218A | D219A | V220I | G222E | D228P | R232S | Q234E | C246R | D251T | T260E | D264L | S267A | A268K | V269I | K271A | S285H | T286L | D287A | V288S | A290S",28
"Node1060 to Node1061","S91A | S92A | S126A | T130G | I204V | K212R | T231V | A247V | K268Q | A271Q | A289P | A310G",12
"Node1061 to Node1062","D183E | L286A",2
"Node1062 to Node1063","R133Q | Y203F | P228S | D259A | R263D | A267P | H285D | S288A | M292S",9
"Node1063 to Node1064","A219Q | S228T | E248G | G262S | L264S | V283I | V284A | S290T | R291E | S292N | L382T | T384L",12
"Node1064 to Node1065","S150A | V200M | V216I | E222K | V231Q | T237V | S255A | S257A | E260A | P267Q | Q268E | Q270R | Q271R | D285E | T382L",15
"Node1065 to Node1066","T96A | Q133R | S158A | F203Y | R212K | Q219T | I220L | A221S | K222R | Q231D | V245A | D250P | T251A | V258E | Q267D | E268D | I269M | R270K | R271K | P273R | T278I | P282Q | E285A | A286P",24
"Node1066 to Node1067","T228A | A259S | A260G",3
"Node1067 to Node1068","Q10E | T179V | Y203F | I216V | A228P | V237L | S378A",7
"Node1068 to Node1069","R273Q",1
"Node1069 to Node1070","M200V",1
"Node1070 to Node1071","A251V",1
"Node1071 to Node1072","K212R | A215T | S221A | P228S | V251A",5
"Node1072 to Node1073","V200M | R212K | T215A | A221S | S228P | L237V | P250H | A251G | S259N | A287T",10
"Node1073 to Node1074","V237L | H250P | G251A | N259S | Q273R | T287A",6
"Node1074 to Node1075","E10Q | R133Q | V179T | V204I | K212R | V216I | T219Q | L220I | S221A | R222K | P228T | D231Q | L237V | A245V | G248S | P250D | A251E | E258V | S259A | G260P | D267Q | D268E | M269I | K270R | K271R | R273P | I278T | Q282D | A284P | A285E | P286K | A287S | P289T | E291N | A378S",35
"Node1075 to Node1076","Q133R | A218S | Q219E | Q231R | S232T | T289N | T290K",7
"Node1076 to Node1077","R212K | P273S",2
"Node1077 to Node1078","T179V | S218T | R271Q | I283V",4
"Node1078 to Node1079","Q267K | S378A",2
"Node1079 to Node1080","E251D",1
"Node1080 to Node1081","Q10E | S273A",2
"Node1083 to Node1084","E10Q | A273S",2
"Node1084 to Node1085","D251E | K267Q | S273A | E285Q",4
"Node1085 to Node1086","R133Q | V179T | M200V | Q201E | I204V | K212R | A214E | A215V | I216V | T218K | E219Q | I220L | K222G | I223L | R231L | T232S | A233S | D235Y | V237T | I244V | S248G | D250P | E251T | V258L | P260E | S262T | D263S | Q267P | E268G | I269V | R270Q | A273P | D282P | V283I | P284A | Q285D | K286G | S287A | N289P | K290T | N291E | A378S | D379A | G380R | L382T",45
"Node1086 to Node1087","G268S | P273A",2
"Node1087 to Node1088","V216I | T251S | A259D | T262K | S264T | R380Q",6
"Node1088 to Node1089","A288Q",1
"Node1090 to Node1091","P250D",1
"Node1091 to Node1092","Q133R | T228S | K262Q",3
"Node1092 to Node1093","S228P",1
"Node1093 to Node1094","S233A | V247I | S251T",3
"Node1094 to Node1095","T179V | V204M | T264S | Q288H | S378A | P381R",6
"Node1095 to Node1096","Q10E | I216V | S263A",3
"Node1096 to Node1097","D285N",1
"Node1097 to Node1098","E260D",1
"Node1098 to Node1099","D259S | S264T",2
"Node1099 to Node1100","G222A | S259A | A379D",3
"Node1100 to Node1101","A233S | A273T | I296L | I329L | I354L | I387L | I448L",7
"Node1102 to Node1103","T264N | H288Q",2
"Node1103 to Node1104","D260E | N264D",2
"Node1104 to Node1105","F203Y | S233A | V245L | E260A | A263S",5
"Node1105 to Node1106","S3E | S14A | S15A | S18A | S25A | S28A | S30A | S33A | S35A | S36A | S44A | S49A | S54A | S63A | S65A | S73A | S76A | S81A | S82A | S83A | S107A | S109A | S111A | S113A | S115A | S121A | S122A | S140A | S141A | S170A | S175A | S176A | Q182R | S187A | S188A | M204V | L231V | G248S | F256L",39
"Node1106 to Node1107","T273S",1
"Node1107 to Node1108","M198L | S268A | A287G",3
"Node1108 to Node1109","M1L | S273P",2
"Node1109 to Node1110","G286A",1
"Node1110 to Node1111","V86L | V139L | V186L | A222G | Q288R",5
"Node1112 to Node1113","A286T",1
"Node1113 to Node1114","S159A | A259T | A260V | R288Q | Q336E | Q389E | Q434E | Q444E | Q470E | Q471E",10
"Node1114 to Node1115","A159S | T259A | V260A | Q288R | E336Q | E389Q | E434Q | E444Q | E470Q | E471Q",10
"Node1116 to Node1117","N285D",1
"Node1117 to Node1118","S159A | A260E | Q336E | Q389E | Q434E | Q444E | Q470E | Q471E",8
"Node1118 to Node1119","I247L | T286A",2
"Node1119 to Node1120","A159S | L247I | E260A | D285N | A286T | E336Q | E389Q | E434Q | E444Q | E470Q | E471Q",11
"Node1120 to Node1121","D250E | N285H | T286A | R288H",4
"Node1121 to Node1122","L86V | L139V | L186V | G222A | E250D | H285N | H288Q",7
"Node1122 to Node1123","P273S | N285G | A286G",3
"Node1123 to Node1124","A222T | A259E | Q262R | A268S | G285N | G287A",6
"Node1124 to Node1125","S273A",1
"Node1125 to Node1126","V86L | V139L | V186L | P228A | I247V | S263A | N285S",7
"Node1126 to Node1127","L1M | L86V | L139V | L186V | L198M | V204M | Q219A | T222V | A228P | V231L | S248G | E259A | R262Q | A263S | A273T | S285N",16
"Node1128 to Node1129","L231Q",1
"Node1130 to Node1131","M1L | M198L | A219H | V222T | D250A | S268N | T273A",7
"Node1131 to Node1132","L1M | E3S | A14S | A15S | A18S | A25S | A28S | A30S | A33S | A35S | A36S | A44S | A49S | A54S | A63S | A65S | A73S | A76S | A81S | A82S | A83S | A107S | A109S | A111S | A113S | A115S | A121S | A122S | A140S | A141S | A170S | A175S | A176S | R182Q | A187S | A188S | L198M | Y203F | H219Q | T222G | Q231L | A233S | L245V | V247I | A250D | L256F | A260D | S263A | D264N | N268S | A273T | A287V | Q288G",53
"Node1133 to Node1134","T251N",1
"Node1134 to Node1135","S3E | S14A | S15A | S18A | S25A | S28A | S30A | S33A | S35A | S36A | S44A | S49A | S54A | S63A | S65A | S73A | S76A | S81A | S82A | S83A | S107A | S109A | S111A | S113A | S115A | S121A | S122A | S140A | S141A | S170A | S175A | S176A | Q182R | S187A | S188A | L220I | F256L | S268K | T273A | N285D | G286S | V287T",42
"Node1135 to Node1136","E3S | A14S | A15S | A18S | A25S | A28S | A30S | A33S | A35S | A36S | A44S | A49S | A54S | A63S | A65S | A73S | A76S | A81S | A82S | A83S | A107S | A109S | A111S | A113S | A115S | A121S | A122S | A140S | A141S | A170S | A175S | A176S | R182Q | A187S | A188S | I220L | G222A | N251T | L256F | N264T | K268S | A273T | S286G | T287A | G288H",45
"Node1136 to Node1137","G248A | A259S",2
"Node1137 to Node1138","S3E | S14A | S15A | S18A | S25A | S28A | S30A | S33A | S35A | S36A | S44A | S49A | S54A | S63A | S65A | S73A | S76A | S81A | S82A | S83A | S107A | S109A | S111A | S113A | S115A | S121A | S122A | S140A | S141A | S170A | S175A | S176A | Q182R | S187A | S188A | L231S | I247V | D250A | F256L | L258A | D260E | A263S | T264V | P289S",44
"Node1138 to Node1139","M198L | P228A | Q271G",3
"Node1139 to Node1140","M1L | A250E | A287M",3
"Node1140 to Node1141","L1M | E3S | A14S | A15S | A18S | A25S | A28S | A30S | A33S | A35S | A36S | A44S | A49S | A54S | A63S | A65S | A73S | A76S | A81S | A82S | A83S | A107S | A109S | A111S | A113S | A115S | A121S | A122S | A140S | A141S | A170S | A175S | A176S | R182Q | A187S | A188S | L198M | L220V | A228P | S231L | A248G | L256F | A258L | S259A | E260D | S263A | V264T | P267T | G271Q | T273E | D285S | G286A | M287A | H288A | S289P",55
"Node1141 to Node1142","S3E | S14A | S15A | S18A | S25A | S28A | S30A | S33A | S35A | S36A | S44A | S49A | S54A | S63A | S65A | S73A | S76A | S81A | S82A | S83A | S107A | S109A | S111A | S113A | S115A | S121A | S122A | S140A | S141A | S170A | S175A | S176A | Q182R | S187A | S188A | G248T | A249S | F256L | Q271A | A287S",40
"Node1142 to Node1143","M1L | M198L | V200A | V244I | T248G | S249A | E250A | T251Q | L258I | S268A | A271Q | S285G | S287A",13
"Node1143 to Node1144","L1M | E3S | A14S | A15S | A18S | A25S | A28S | A30S | A33S | A35S | A36S | A44S | A49S | A54S | A63S | A65S | A73S | A76S | A81S | A82S | A83S | A107S | A109S | A111S | A113S | A115S | A121S | A122S | A140S | A141S | A170S | A175S | A176S | R182Q | A187S | A188S | L198M | A200V | V220L | S233A | I244V | A250D | Q251T | L256F | I258L | Q262K | T267P | A268N | E273A | G285N | A286G | A288H | P289Q",53
"Node1145 to Node1146","N285D",1
"Node1146 to Node1147","L231V | D285N",2
"Node1147 to Node1148","A273T | H288P | Q289L",3
"Node1148 to Node1149","Y235S",1
"Node1149 to Node1150","E209D | A222G | P228A | V231L | S235Y | V247I | L258M | A259S | K262Q | A263D | N268S | T273A | P288H | L289P | D379A",15
"Node1150 to Node1151","G222E",1
"Node1152 to Node1153","A228S | L231V | G248A | D263Q | H288R",5
"Node1153 to Node1154","D209E | K218A | E222G | S228P | V231L | I247V | A248G | M258L | S259D | Q263S | T264A | R288H | L296I | L329I | L354I | L387I | L448I",17
"Node1154 to Node1155","Q219R | G222E | T251S | Q262R | A264G | I296L | I329L | I354L | I387L | I448L",10
"Node1155 to Node1156","L231Q | S232T | Q271R | A273D",4
"Node1156 to Node1157","S14A | S15A | S18A | S25A | S28A | S30A | S33A | S35A | S36A | S44A | S49A | S54A | S63A | S65A | S73A | S76A | S81A | S82A | S83A | S107A | S109A | S111A | S113A | S115A | S121A | S122A | S140A | S141A | S170A | S175A | S176A | S187A | S188A | S251N",34
"Node1158 to Node1159","S3E | Q182R | F256L | V265I | N285D",5
"Node1159 to Node1160","E3S | R182Q | L256F | I265V | R271G | D285N",6
"Node1160 to Node1161","A14S | A15S | A18S | A25S | A28S | A30S | A33S | A35S | A36S | A44S | A49S | A54S | A63S | A65S | A73S | A76S | A81S | A82S | A83S | A107S | A109S | A111S | A113S | A115S | A121S | A122S | A140S | A141S | A170S | A175S | A176S | A187S | A188S | A218K | R219Q | E222G | Q231L | T232S | V247I | N251T | D260E | R262T | S263A | G264S | S268A | G271Q | D273A | L296I | L329I | L354I | L387I | L448I",52
"Node1161 to Node1162","K218N | G222A | A273T",3
"Node1162 to Node1163","M204V | N218K | L220I | A222G | Y235S | D250A | T273A | P289L | I296L | I329L | I354L | I387L | I448L",13
"Node1163 to Node1164","M1L | S3E | S14A | S15A | S18A | S25A | S28A | S30A | S33A | S35A | S36A | S44A | S49A | S54A | S63A | S65A | S73A | S76A | S81A | S82A | S83A | S107A | S109A | S111A | S113A | S115A | S121A | S122A | S140A | S141A | S170A | S175A | S176A | Q182R | S187A | S188A | M198L | R212K | E214T | P228S | S235D | T237V | T251S | F256L | L258A | S264T | P267Q | V269I | P282Q | G286H | T290S",51
"Node1164 to Node1165","V86L | V139L | S159A | V186L | E201Q | V204I | V215T | V216I | K218E | S232T | V237L | G248E | S251G | T262P | A268R | I283V | N285A | Q336E | Q389E | Q434E | Q444E | Q470E | Q471E",23
"Node1165 to Node1166","N171D | G222Q | S228P | D259S",4
"Node1166 to Node1167","P6L | T12A | T13A | T19A | T32A | N34D | T60A | C61A | T71A | T72A | T74A | H78K | T87A | T103A | T104A | S138A | V145L | H190K | H191K | V200M | I204V | T214L | T215L | I216V | Q219A | A221S | I247V | G251D | A258T | S259T | A263G | Q271R | A273P | V297L | V300L | S301A | V304L | V324L | V326L | V328L | V331L | V332L | V342L | V351L | S356A | V368L | V396L | V406L | V407L | S422A | V427L | V430L | V443L | V445L | S446A | V450L | V454L | V456L | S459A | V462L | V464L | V472L | V475L | V476L | V482L | V485L",66
"Node1167 to Node1168","I164L | M200A | F203Y | V204I | L214T | L215T | V216I | A219R | S221R | L231I | L237V | V247I | E248D | A249G | A250N | D251G | T258D | T259S | E260G | P262S | G263P | Q267T | R268G | R271Q | P273A | Q282E | A284P | H286R",28
"Node1168 to Node1169","L1M | E3S | L6P | A12T | A13T | A14S | A15S | A18S | A19T | A25S | A28S | A30S | A32T | A33S | D34N | A35S | A36S | A44S | A49S | A54S | A60T | A61C | A63S | A65S | A71T | A72T | A73S | A74T | A76S | K78H | A81S | A82S | A83S | L86V | A87T | A103T | A104T | A107S | A109S | A111S | A113S | A115S | A121S | A122S | A138S | L139V | A140S | A141S | L145V | A159S | L164I | A170S | D171N | A175S | A176S | R182Q | L186V | A187S | A188S | K190H | K191H | L198M | A200V | Q201E | Y203F | I204M | K212R | T214E | T215V | I216V | E218K | R219Q | I220L | R221A | Q222G | I231L | T232S | D235Y | V237T | D248G | G249A | N250D | G251S | L256F | D258L | S259D | G260E | S262Q | P263A | T264G | T267P | G268S | I269V | E282P | V283I | P284A | A285D | R286G | H288R | L289P | S290T | L296I | L297V | L300V | A301S | L304V | L324V | L326V | L328V | L329I | L331V | L332V | E336Q | L342V | L351V | L354I | A356S | L368V | L387I | E389Q | L396V | L406V | L407V | A422S | L427V | L430V | E434Q | L443V | E444Q | L445V | A446S | L448I | L450V | L454V | L456V | A459S | L462V | L464V | E470Q | E471Q | L472V | L475V | L476V | L482V | L485V",145
"Node1169 to Node1170","V245A",1
"Node1170 to Node1171","L231I | L258Q | A263R | P267D | S268R | D285A | R288Q | I296L | I329L | I354L | R381H | I387L | I448L",13
"Node1171 to Node1172","I231V | G264D | G286V",3
"Node1172 to Node1173","S3E | S14A | S15A | S18A | S25A | S28A | S30A | S33A | S35A | S36A | S44A | S49A | S54A | S63A | S65A | S73A | S76A | S81A | S82A | S83A | S107A | S109A | S111A | S113A | S115A | S121A | S122A | S140A | S141A | S170A | S175A | S176A | Q182R | S187A | S188A | V231H | I247V | F256L | R268K | V286T | Q288H | T290G",42
"Node1173 to Node1174","M198L | A287Q",2
"Node1174 to Node1175","M1L | V86L | V139L | S159A | V186L | G222E | S251T | Q258P | Q262H | D267T | K268A | Q271R | V272A | T286A | H288Q | Q336E | Q389E | Q434E | Q444E | Q470E | Q471E",21
"Node1175 to Node1176","L86V | L139V | A159S | L186V | E222G | T251S | P258H | E260G | H262Q | T267D | A268K | R271Q | A272V | A285E | A286T | Q288H | E336Q | E389Q | E434Q | E444Q | E470Q | E471Q",22
"Node1176 to Node1177","V86L | V139L | V186L | S251T | H258L",5
"Node1177 to Node1178","L1M | E3S | L86V | L139V | R182Q | L186V | L198M | H231V | V247I | T251S | L256F | L258Q | G260E | D267G | K268R | E285A | T286V | Q287A | H288Q | G290T",20
"Node1178 to Node1179","A14S | A15S | A18S | A25S | A28S | A30S | A33S | A35S | A36S | A44S | A49S | A54S | A63S | A65S | A73S | A76S | A81S | A82S | A83S | A107S | A109S | A111S | A113S | A115S | A121S | A122S | A140S | A141S | A170S | A175S | A176S | A187S | A188S | V231L | Q258L | D259T | Q262H | R263D | D264G | V266A | G267A | R268S | A285D | V286G | Q288A | H381R",46
"Node1179 to Node1180","S14A | S15A | S18A | S25A | S28A | S30A | S33A | S35A | S36A | S44A | S49A | S54A | S63A | S65A | S73A | S76A | S81A | S82A | S83A | S107A | S109A | S111A | S113A | S115A | S121A | S122A | S140A | S141A | S170A | S175A | S176A | S187A | S188A | L231R | G264T | S268G | A273P",37
"Node1180 to Node1181","A14S | A15S | A18S | A25S | A28S | A30S | A33S | A35S | A36S | A44S | A49S | A54S | A63S | A65S | A73S | A76S | A81S | A82S | A83S | A107S | A109S | A111S | A113S | A115S | A121S | A122S | A140S | A141S | A170S | A175S | A176S | A187S | A188S | R231L | A245V | T259D | H262Q | D263A | T264G | A266V | A267P | G268S | P273A | A288R | L296I | L329I | L354I | L387I | L448I",49
"Node1181 to Node1182","P228S | D250S",2
"Node1182 to Node1183","V216I | S228P | S250D | I275V | A287V | I296L | I329L | I354L | I387L | I448L",10
"Node1183 to Node1184","D250E | S251T | A263S | G264S | V275I | V287A | R288H | L296I | L329I | L354I | L387I | L448I",12
"Node1184 to Node1185","E10Q | V179T | M204V | A233S | I247V | E250D | T251S | D259A | Q262R | S264T | H288Q | A378S | R381P",13
"Node1185 to Node1186","Q10E | T179V | I216V | V247A | D250E | A273S | D285E | G286A | S378A",9
"Node1186 to Node1187","E10Q | V179T | V216I | P228S | A247V | E250D | A259D | R262Q | S273A | E285D | A286G | A287V | A378S",13
"Node1187 to Node1188","S228T | D250A | Q262K | D285G | V287A",5
"Node1188 to Node1189","G222A | V245A | A250P | S263A | G285D",5
"Node1189 to Node1190","T179V | I216V | T228S | P250A | S251T | K262T | T264S",7
"Node1190 to Node1191","Q10E | F203Y | V204I | L220V | S228P | A249S | L258K | G286A | A287D | S378A",10
"Node1192 to Node1193","I204M | A245V | I296L | I329L | I354L | I387L | I448L",7
"Node1193 to Node1194","K258E | E260D | V272I",3
"Node1194 to Node1195","T251S | V265I",2
"Node1195 to Node1196","S264T | V269I",2
"Node1197 to Node1198","S14A | S15A | S18A | S25A | S28A | S30A | S33A | S35A | S36A | S44A | S49A | S54A | S63A | S65A | S73A | S76A | S81A | S82A | S83A | S107A | S109A | S111A | S113A | S115A | S121A | S122A | S140A | S141A | S170A | S175A | S176A | S187A | S188A | A273T",34
"Node1198 to Node1199","T262A",1
"Node1199 to Node1200","A14S | A15S | A18S | A25S | A28S | A30S | A33S | A35S | A36S | A44S | A49S | A54S | A63S | A65S | A73S | A76S | A81S | A82S | A83S | A107S | A109S | A111S | A113S | A115S | A121S | A122S | A140S | A141S | A170S | A175S | A176S | A187S | A188S | S251T | A262T | T264S | I265V | I269V | T273A",39
"Node1200 to Node1201","S233A | G248A | T262A",3
"Node1202 to Node1203","E258K",1
"Node1203 to Node1204","S3E | S14A | S15A | S18A | S25A | S28A | S30A | S33A | S35A | S36A | S44A | S49A | S54A | S63A | S65A | S73A | S76A | S81A | S82A | S83A | S107A | S109A | S111A | S113A | S115A | S121A | S122A | S140A | S141A | S170A | S175A | S176A | S187A | S188A | S249A | A262T | S264A",37
"Node1204 to Node1205","E3S | E10Q | A14S | A15S | A18S | A25S | A28S | A30S | A33S | A35S | A36S | A44S | A49S | A54S | A63S | A65S | A73S | A76S | A81S | A82S | A83S | A107S | A109S | A111S | A113S | A115S | A121S | A122S | A140S | A141S | A170S | A175S | A176S | V179T | A187S | A188S | Y203F | M204V | V216I | V220L | P228T | A233S | V245A | A248S | A250P | T251S | K258L | D260E | T262K | A264T | I272V | A273V | A286G | D287A | L296I | L329I | L354I | A378S | L387I | L448I",60
"Node1205 to Node1206","R133Q | A222G | S233A | A245V | S248G | A263S | V273A | Q288A",8
"Node1206 to Node1207","Q133R | V215I | I216V | T228S | A233S | Y235A | V244I | V247A | S251T | D259A | K262T | T264A | G286A | A287M | A288V | T290V | Q380R",17
"Node1207 to Node1208","A96T | R133Q | L134C | A150S | A158S | T179V | E183L | R194N | E201Q | E214A | I215Q | K218A | Q219A | L220I | G222E | L223I | L231V | S233A | A235D | A247V | G248E | P250D | A255S | A257S | L258V | T262G | S263D | A264L | S268Q | V269I | A273D | I283V | A284V | M287A | V288R | V290S | E291R | N292S | A379D | R380G | T382L | L384T",42
"Node1208 to Node1209","A2C | R135I | S150A | Q182R | L184I | H197N | M198A | V204I | V216A | V231A | A233S | D235E | T237S | A249T | T251D | S255A | S257A | V258A | E260H | G262A | L264A | D285N | S292F | A314G | S378V | D379H | T384L",27
"Node1209 to Node1210","R185V | E192V | K195E | G196R | F203Y | Q215L | D250T | A262T | A264D | Q271K | H312G | P381S",12
"Node1210 to Node1211","M199V | A219T | T249A",3
"Node1211 to Node1212","T96A | S158A | E248D | A259S | N285T | A287T | P289R",7
"Node1212 to Node1213","S3E | R212K | L215V | S228D | S259A | D263E | K271Q | A286G | R288P | S290Q | R291P",11
"Node1213 to Node1214","A221S | Q268K",2
"Node1214 to Node1215","S221A | E222G | D264Q | K268Q | Q271N | T287S | Q290H",7
"Node1215 to Node1216","V185T",1
"Node1216 to Node1217","E3S | T185V | K212R | V215L | G222E | D228S | T250A | A259S | E263D | Q264D | N271K | G286S | S287T | P288R | H290S | P291R",16
"Node1217 to Node1218","S228A | S286T | R289G",3
"Node1218 to Node1219","A198S | S259T | D264N",3
"Node1219 to Node1220","D263E",1
"Node1222 to Node1223","A228S | T285S",2
"Node1223 to Node1224","S3E | T286H",2
"Node1224 to Node1225","H260Q",1
"Node1226 to Node1227","H286N",1
"Node1227 to Node1228","S285G",1
"Node1228 to Node1229","P282S",1
"Node1229 to Node1230","S198G | Q260H | S282P | G285Q | N286T",5
"Node1230 to Node1231","T262S | N264D | T286N",3
"Node1231 to Node1232","E3S | A158S | G198A | D248E | A250T | T259G | S262T | E263D | Q285N | N286A | T287A | G289P",12
"Node1232 to Node1233","D263N | R288H",2
"Node1234 to Node1235","C2A | S3E | A96T | I135R | A150S | S158T | R182T | L183R | I184L | V185R | V192E | E195K | R196G | N197H | A198M | V199M | Y203F | I204V | A214G | A216V | T219A | I220L | A221R | A231V | S233A | E235A | S237T | T250D | D251T | A258V | G259A | H260E | T262G | N263D | D264L | V265I | P267A | K271Q | N285D | H288R | F292S | G312H | G314A | V378S | H379D | S381P",46
"Node1235 to Node1236","Q10E | T96A | C134L | S150A | S159L | N194R | M199S | V200A | Q201K | Q207E | T208A | E209A | V210P | G211A | R212Q | L215K | V216I | A219S | V230I | V231C | A233I | E234D | V243I | V245A | R246V | A249Q | V258L | L261I | L264F | V266T | A267S | Q268K | Q271A | D273E | L279V | P282L | V284L | S290A | S378A",39
"Node1236 to Node1237","A218D | S219N | Q249R | E260G | V272A | I296L | I329L | I354L | I387L | I448L",10
"Node1237 to Node1238","A2R | E10Q | L134C | G157A | S180T | T182V | L184R | E192D | V193P | R194E | K195R | H197R | S199M | A200V | K201Q | I206V | E207Q | A208T | A209E | P210V | A211G | Q212R | A213S | K215L | I216V | D218S | N219A | E222D | I223V | I230V | C231V | I233A | D234E | I243V | A245V | V246R | V247A | R249G | D250S | T251N | L258D | G260E | I261V | F264L | T266V | S267G | K268R | A271K | A272V | E273D | G274S | V279L | L282Q | L284V | A287H | L296I | V313A | A314T | L329I | L354I | L387I | L448I",62
"Node1238 to Node1239","A202I | I244V | E260Q | G262R | A315P",5
"Node1239 to Node1240","M198A | I202A | G214S | T237V | V244I | N251D | Q260E | R262G | S274A | V284A | D285E | H287R | R288T | A313G | D379A",15
"Node1240 to Node1241","C134L | S228D | S250A | G262A | D263E | R287P | P289S",7
"Node1241 to Node1242","Q10E | Q133R | S213A | S214R | L215A | S218Q | A219Q | L220I | R221E | D222A | E248D | D251S | G267S | Q282P | E285P | A286Q | I296L | I329L | I354L | A379V | I387L | I448L",22
"Node1242 to Node1243","A290S",1
"Node1243 to Node1244","R214T | P287S",2
"Node1244 to Node1245","S14A | S15A | S18A | S25A | S28A | S30A | S33A | S35A | S36A | S44A | S49A | S54A | S63A | S65A | S73A | S76A | S81A | S82A | S83A | S107A | S109A | S111A | S113A | S115A | S121A | S122A | S140A | S141A | S170A | S175A | S176A | S187A | S188A | V261I",34
"Node1245 to Node1246","V245A | S289T",2
"Node1249 to Node1250","F256L | E260Q",2
"Node1250 to Node1251","A14S | A15S | A18S | A25S | A28S | A30S | A33S | A35S | A36S | A44S | A49S | A54S | A63S | A65S | A73S | A76S | A81S | A82S | A83S | A107S | A109S | A111S | A113S | A115S | A121S | A122S | R133Q | A140S | A141S | A170S | A175S | A176S | A187S | A188S | V204I | A213S | T214S | A215L | Q218A | Q219A | I220L | E221R | A222D | V231A | V237L | I244V | A245V | A247V | D248E | S251D | L256F | A259S | Q260A | S267G | P282Q | P285E | Q286A | S287P | T289D | S290A | V379S | G380R",62
"Node1251 to Node1252","A231E | V283I | A286T | T288A",4
"Node1252 to Node1253","S14A | S15A | S18A | S25A | S28A | S30A | S33A | S35A | S36A | S44A | S49A | S54A | S63A | S65A | S73A | S76A | S81A | S82A | S83A | S107A | S109A | S111A | S113A | S115A | S121A | S122A | Q133R | S140A | S141A | S170A | S175A | S176A | S187A | S188A | R221H | E248S | A250E | I261L",38
"Node1253 to Node1254","S214A | D228R | S248A | G249A | F256L | E263A",6
"Node1254 to Node1255","R2A | E3S | E10Q | A14S | A15S | A18S | A25S | A28S | A30S | A33S | A35S | A36S | A44S | A49S | A54S | A63S | A65S | A73S | A76S | A81S | A82S | A83S | A96T | A107S | A109S | A111S | A113S | A115S | A121S | A122S | A140S | A141S | A150S | A157G | T158S | L159S | A170S | A175S | A176S | V179T | T180S | V182Q | R183E | R184L | A187S | A188S | D192E | P193V | E194R | R195K | R197H | A198M | F203Y | I204V | V206I | S213A | L215Q | L220I | H221A | D222E | V223L | R228P | E231V | A235D | L237T | V244I | A248E | E250D | D251T | A255S | L256F | A257S | D258V | S259D | A260E | A262G | A263R | I265V | V266L | G267A | R268Q | K271Q | D273P | A274G | Q282P | I283V | A284V | E285H | T286A | P287A | A288S | D289P | A290S | S292M | L296I | G313V | T314A | P315A | L329I | L354I | A378S | S379D | R380G | L384T | L387I | L448I",106
"Node1255 to Node1256","D235E | T251S | R263A | P282T",4
"Node1256 to Node1257","A213S | A214S | E222A | V243L | D259E",5
"Node1257 to Node1258","S158A | R212K | Q215S | A221R | V245A | R246K | T384L",7
"Node1258 to Node1259","S150A | A218E | A222G | P228A | S232A | A233T | E234D | V247L | S255A | S257A | A263S | Q268K | I269V | Q271D",14
"Node1259 to Node1260","A150S | K212R | S214G | S215Q | E218A | R221A | G222A | V231I | A232S | T233A | D234S | L243I | A245V | K246R | L247V | E248A | V258L | E260A | S263E | A267E | K268R | V269I | D271A | P273E | V283I",25
"Node1260 to Node1261","Q201E | I206V | S213A | G214A | A222E | A228P | I231V | S232A | S234E | E235S | I243V | I244V | A248E | D250A | A255S | A257S | L258V | E259D | A260E | E263A | E267G | R268Q | Q270S | A271Q | E273P | L279V | I283V | A286E",28
"Node1261 to Node1262","S150A | A214D | I220L | P228D | V231M | E234D | S235A | R246H | E248G | A250R | S251P | S255A | S257A | E260D | S270A | Q271V | T276V | V284M | H285R | M292T",20
"Node1262 to Node1263","A150S | E201Q | V206I | A213S | D214T | L220I | D228T | M231V | A232E | D234E | A235D | V245A | H246R | G248E | R250D | P251T | A255S | A257S | V258M | A263R | G267A | A270Q | V271Q | V276T | V279L | T282P | M284V | R285H | E286A | T292M",30
"Node1263 to Node1264","E183D | M199S | I206V | E209A | S213A | T214A | Q215A | A218E | A221R | E222A | T228P | E232S | V244I | A245V | R246E | M258I | D260E | L266V | L279V | A286L | L384T",21
"Node1264 to Node1265","A219R | V231R | S232V | E234R | I244V | I258M | E260D | I269V | T384L",9
"Node1265 to Node1266","S3D | S150A | P173T | A174V | A178R | H181S | L184F | R185A | S199M | Y203F | V204I | V206I | A209E | R212Q | A215S | E218A | R219A | R221A | A222E | L223I | R231T | V232S | R234E | V244I | E246R | V247A | D250N | M258V | D260E | R263K | Q268K | Q271G | V279L | P289A | G310A | L384T",36
"Node1266 to Node1267","P155S | A218S | K268R",3
"Node1267 to Node1268","E222A",1
"Node1268 to Node1269","N250E",1
"Node1269 to Node1270","S218Q | A222E | I223L | E250N",4
"Node1270 to Node1271","M199V | P273A",2
"Node1271 to Node1272","D3S | P4S | D90S | A91S | A92S | A126S | G130T | A150S | S155P | T173P | V174A | R178A | S181H | Q182T | F184L | A185R | E192A | V193T | K195G | V199M | F203Y | Q212K | S215E | Q218A | L223I | P228E | N250P | T251N | K263R | R268K | V269I | G271A | A273P | T384L",34
"Node1273 to Node1274","A158S | T231V | S232Q | D379E",4
"Node1274 to Node1275","S3A | E234D | S290A",3
"Node1275 to Node1276","P6T | Y98S | R153A | H197S | D235A | V245A | R246L | A267S | A314V | A317R | L382Q",11
"Node1276 to Node1277","P9T | L134A | A146T | G157R | G196S | I204V | A221R | E228P | V272I | I275V | R291E | M292T | A310S | V313R | L316R | D377T | G380N",17
"Node1278 to Node1279","L48T | T154S | R156S | N171P | L177S | T179V | H181S | S197R | Q201R | A218E | A247V | N251D | H285G | A290T | L318T",15
"Node1279 to Node1280","S98Y | D183E | I220L | I223M",4
"Node1280 to Node1281","T9S | S90D | S91A | S92A | S126A | T130G | S181H | V231K | A235V",9
"Node1281 to Node1282","M223I | A271S | P282L",3
"Node1282 to Node1283","A2Q | T6R | A47G | P93G | A94V | T96A | P127G | P128L | R136A | V145F | T146D | S156G | M199A | E215S | E222Q | Q232S | L246V | V266M | Q270H | L279V | S288T",21
"Node1283 to Node1284","Q2A | T48L | L128P | V200A | I206V | Q207R | T208C | I223L | V235I | P239D | V243L | V247I | D259E | S267E | S271G | I272V | R277S | V279S | C281H | L282V | T318L | Q382L",22
"Node1284 to Node1285","F145L | H172N | S177L | E209D | A214K | A217K | R221A | S232H | A245V | S277A | I296L | S310A | I329L | I354L | I387L | I448L",16
"Node1285 to Node1286","Q222R | K231A | A249Q | D251T",4
"Node1286 to Node1287","A2Q | A3C | G5E | P8H | L48T | P128L | R137S | L145F | S154G | N172H | L177S | H181F | A192K | G195E | A200T | V206I | R207Q | C208T | D209E | K214A | K217V | A221R | R222Q | L223I | P228K | A231K | H232S | I235V | D239P | L243V | V245A | I247V | Q249A | T251D | E259D | E267S | G271S | V272I | P273E | A277R | S279V | H281C | V282M | G285R | T288E | T290N | T292K | L296I | A310S | L329I | L354I | L387I | L448I",53
"Node1287 to Node1288","T48L | V179I | Q207E | T208A | V210A | K212Q | A213T | Q222K | V235A | V243I | L261I | E291A",12
"Node1288 to Node1289","H172N | S177L | R185M | R197K | E218K | A249V | V258Q",7
"Node1289 to Node1290","S4T | S158N | T213V | V217L | K222A | T276K | I296L | S310A | I329L | I354L | I387L | I448L",12
"Node1290 to Node1291","C3L | T4V | H8P | A134L | S150A | R157K | I179M | T193E | R194L | M198N | T200A | E209D | A210P | Q212E | V213I | A214P | V216I | L217M | R221S | A222T | K228E | A235V | A245V | V246F | M266I | S267N | R277K | T278A | L286I | Q336E | S378A | N380G | Q389E | Q434E | Q444E | Q470E | Q471E",37
"Node1291 to Node1292","L134P | S137R | F145L | S159Y | F181I | K197E | A200I | V204I | E207K | G211R | K218L | I223F | S232T | V242L | D251N | I261L | I272L | K277E | V279L | M282V | V297L | V300L | S301A | V304L | V324L | V326L | V328L | V331L | V332L | V342L | V351L | S356A | V368L | T377A | V396L | V406L | V407L | S422A | V427L | V430L | V443L | V445L | S446A | V450L | V454L | V456L | S459A | V462L | V464L | V472L | V475L | V476L | V482L | V485L",54
"Node1292 to Node1293","K157E | N198Y | A199S | R201K | P250K",5
"Node1293 to Node1294","Q2E | K231R",2
"Node1294 to Node1295","P134S | V247A",2
"Node1295 to Node1296","N158G",1
"Node1296 to Node1297","V249L",1
"Node1297 to Node1298","Q10E | R231K | K250R | K276R | R285K",5
"Node1298 to Node1299","E2S | E10Q | R133E | S134E | E157K | G158V | S196G | Y198N | S199A | K201R | I204V | A247V | L249V | R250P | K285R",15
"Node1299 to Node1300","S2E | T129E | E133K | E134L | K157N | V158E | Y159S | M179I | S180T | I181F | T182S | M185L | E193D | L194I | G196V | E197K | I200A | K207E | D209N | R211A | L218K | F223I | G229N | T232S | P239I | V249G | P250E | N251D | D259N | L261I | L264V | N267R | K268D | H270N | L272I | E273K | R276K | E277K | L279T | V282M | R285K",41
"Node1300 to Node1301","Q10E | I164L | T180P | E195D | N198D | A199K | A200S | K218E | A219E | T222K | S255A | S257A",12
"Node1301 to Node1302","D193E | R201T | S215F | V247L | K273R | T335A | T365A | T392A | T413A | N428D | T460A | T466A | T479A | T483A | T487A",15
"Node1302 to Node1303","K133Q | E212D | R263K",3
"Node1303 to Node1304","N152S | S159A | S200A | A211P | V245I | N270H | R273K | A310G | V314L | C364A | C410A",11
"Node1304 to Node1305","Q133K | E193D | D198E | A200S | T201R | N209D | P211A | D212L | F215T | S221A | K231R | I245V | L247V | D251N | K263R | H270N | S271P | K285E | L314V | A364C | A410C",21
"Node1305 to Node1306","S152N | N157E | A159M | P180T | S182E | D195E | V196I | E198N | K199A | S200A | R201S | D209N | A211S | L212E | T215S | M217L | E218K | E219A | A221S | K222T | R231K | F246Y | E248V | N251D | P271S | K273P | E285K | I286L | G310A | A335T | A365T | A392T | A413T | D428N | A460T | A466T | A479T | A483T | A487T",39
"Node1306 to Node1307","N152S | M159L | K197T | N198T | S221A | T222S | E228P | V247L | E250Q | R263K | A310G | T335A | T365A | T392A | T413A | N428D | T460A | T466A | T479A | T483A | T487A",21
"Node1307 to Node1308","E2Q | L3C | E10Q | E129T | K133R | L134A | R137S | L145F | A150S | S152N | E157R | E158N | L159S | L164I | T180S | E182T | D193T | I194R | I196S | T197K | T198M | S201R | N209E | P210A | S211G | E212Q | I213V | P214A | I216V | K218A | A221R | S222A | P228K | N229G | V230I | K231T | S232A | V235A | I239P | L242V | V245A | Y246T | L247V | V248E | G249V | Q250P | A255S | A257S | N259R | E260D | K263R | V264L | I266M | R267S | D268E | N270H | S271G | P273E | V275I | K277R | A278T | T279V | V284I | K285G | L297V | L300V | A301S | L304V | G310A | L324V | L326V | L328V | L331V | L332V | A335T | E336Q | L342V | L351V | A356S | A365T | L368V | A377T | A378S | G380N | E389Q | A392T | L396V | L406V | L407V | A413T | A422S | L427V | D428N | L430V | E434Q | L443V | E444Q | L445V | A446S | L450V | L454V | L456V | A459S | A460T | L462V | L464V | A466T | E470Q | E471Q | L472V | L475V | L476V | A479T | L482V | A483T | L485V | A487T",117
"Node1308 to Node1309","S150A | A199E | R201K | A210S | Q212R | S215E | K228A | I230M | V242L | V249T | Q258P | D260N | I272V | Q336E | S378A | N380G | Q389E | Q434E | Q444E | Q470E | Q471E",21
"Node1309 to Node1310","A233V | E248Q | G271S",3
"Node1310 to Node1311","A228N | N260Q | S301A | S356A | S422A | S446A | S459A",7
"Node1311 to Node1312","A222T | S267N | T377A",3
"Node1312 to Node1313","S137R | N158S | K201R | I223L | T231A | Q260M | I275V",7
"Node1313 to Node1314","F145L | R212K | V213I | A214G | T222A | L223I | N228D | M230L | A231I | I244V | M260Q | N267S | S271A | V272I | E273S | V275I | V279I | V297L | V300L | V304L | V324L | V326L | V328L | V331L | V332L | V342L | V351L | V368L | V396L | V406L | V407L | V427L | V430L | V443L | V445L | V450L | V454L | V456L | V462L | V464L | V472L | V475L | V476L | V482L | V485L",45
"Node1315 to Node1316","V247L",1
"Node1316 to Node1317","A218T | L247V",2
"Node1317 to Node1318","L145F | S158N | R201K | K212R | I213V | G214A | T218A | D228P | G229D | L230M | I231T | V233A | A235G | V244I | Q248E | P250A | Q260N | R263H | H270Q | A271G | I272V | S273E | I279V | M282I | L297V | L300V | L304V | L324V | L326V | L328V | L331V | L332V | L342V | L351V | L368V | L396V | L406V | L407V | L427V | L430V | L443V | L445V | L450V | L454V | L456V | L462V | L464V | L472V | L475V | L476V | L482V | L485V",52
"Node1319 to Node1320","R137S | E199L | K201R | S210A | R212Q | A214S | E215S | A219T | P228K | D229G | M230I | A232L | G235P | A245V | V247I | T249V | A250P | P258Q | N260D | H263R | S267N | I269L | Q270H | V272I | E273P | I282L | V283A | A301S | A356S | A377T | A422S | A446S | A459S",33
"Node1320 to Node1321","N158S | K192H | R194K | S196E | K197V | L199A | A200T | E207K | A208V | E209Q | V213T | L217V | A218Q | T219A | A222Q | I230V | T231K | L232T | P235A | V236C | T237W | P239K | Y240P | L242V | V245A | T246V | I247V | P250A | R259D | D260A | I261L | G262S | R263Q | M266L | N267S | E268K | L269I | G271A | P273E | I275V | K276T | R277Q | V279D | C281H | A283V | I284V | G285R | A378S | G380N",49
"Node1321 to Node1322","S137R | F145L | A199S | T200D | K207N | A210P | Q218R | R221S | G229E | V230I | A233I | A235P | V242L | S262T | K268R | V284Y | A287K | V297L | V300L | S301A | V304L | V324L | V326L | V328L | V331L | V332L | V342L | V351L | S356A | V368L | T377A | S378A | N380G | V396L | V406L | V407L | S422A | V427L | V430L | V443L | V445L | S446A | V450L | V454L | V456L | S459A | V462L | V464L | V472L | V475L | V476L | V482L | V485L",53
"Node1322 to Node1323","V204I | A271G | K287A | A289S",4
"Node1323 to Node1324","I204V | G271A | A287K | S289A",4
"Node1324 to Node1325","Q209L | Q222D | N290K",3
"Node1325 to Node1326","R218K | S221G | V246I | V249I",4
"Node1326 to Node1327","C3A | Q10E | N152S | I164L | I179L | S199P | L209H | S214A | S215D | T232Q | I244F | A245T | A250P | D251H | S255A | S257A | S267A | R268K | E273P | T276D | L282M | K287Q | A289G | A291P | A310G | T335A | C364A | T365A | T392A | C410A | T413A | N428D | T460A | T466A | T479A | T483A | T487A",37
"Node1327 to Node1328","A3C | E10Q | S152N | L164I | L179I | P199S | H209L | A214S | D215S | Q232T | F244I | T245A | V247A | E248D | P250A | H251D | A255S | A257S | A267S | K268R | P273E | D276T | M282L | Q287K | G289A | K290R | P291A | G310A | A335T | A364C | A365T | A392T | A410C | A413T | D428N | A460T | A466T | A479T | A483T | A487T",40
"Node1328 to Node1329","C3A | Q10E | I164L | I179L | S199A | D200T | R201K | V204I | N207K | L209K | P210A | Q212K | S214K | S215D | K218Q | G221K | D222R | K228A | E229G | I230V | K231E | T232Q | I233A | D234H | P235S | W237F | K239R | I244F | I246F | A247I | D248S | I249V | A250Q | S255A | S257A | Q258E | D259R | T262S | Q263D | L264V | L266I | R268K | T276E | Q277E | L282I | Y284A | R285D | L286T | K287A | R290N | T335A | T365A | T392A | T413A | N428D | T460A | T466A | T479A | T483A | T487A",60
"Node1329 to Node1330","N152S | I223L | A245V | S267T | A310G",5
"Node1330 to Node1331","V217L | R239Q | V314L | C364A | C410A",5
"Node1331 to Node1332","S14A | S15A | S18A | S25A | S28A | S30A | S33A | S35A | S36A | S44A | S49A | S54A | S63A | S65A | S73A | S76A | S81A | S82A | S83A | V86L | S107A | S109A | S111A | S113A | S115A | S121A | S122A | V139L | S140A | S141A | S170A | S175A | S176A | V186L | S187A | S188A | T213G | D215S | Q218S | R222S | L223I | A233I | S235A | S248N | Q250A | K268R | D285E",47
"Node1332 to Node1333","A14S | A15S | A18S | A25S | A28S | A30S | A33S | A35S | A36S | A44S | A49S | A54S | A63S | A65S | A73S | A76S | A81S | A82S | A83S | L86V | A107S | A109S | A111S | A113S | A115S | A121S | A122S | L139V | A140S | A141S | A170S | A175S | A176S | L186V | A187S | A188S | G213T | S215D | L217V | S218Q | S222R | I223L | I233A | A235S | Q239R | N248S | A250Q | R268K | E285D | L314V | A364C | A410C",52
"Node1333 to Node1334","A228P | A260S | A271S | D285E | V314L | C364A | C410A",7
"Node1334 to Node1335","S14A | S15A | S18A | S25A | S28A | S30A | S33A | S35A | S36A | S44A | S49A | S54A | S63A | S65A | S73A | S76A | S81A | S82A | S83A | S107A | S109A | S111A | S113A | S115A | S121A | S122A | S140A | S141A | S170A | S175A | S176A | S187A | S188A | K201R | Q218A | L223I | E273D | T286S",38
"Node1335 to Node1336","Q2A | V4S | E5G | R6T | E10Q | A14S | A15S | A18S | A25S | A28S | A30S | A33S | A35S | A36S | A44S | G47A | L48T | A49S | A54S | A63S | A65S | A73S | A76S | A81S | A82S | A83S | G93P | V94A | A107S | A109S | A111S | A113S | A115S | A121S | A122S | G127P | L128P | A136R | A140S | A141S | L145V | D146T | A150S | S152N | G154S | L164I | A170S | N172H | A175S | A176S | L177S | L179V | F181H | L185R | A187S | A188S | H192A | K194R | E195G | E196S | V197R | A199M | T200V | I204V | L205F | K207Q | V208T | K209A | A210M | T213A | K214S | D215E | V217A | A218E | K221R | R222E | I223L | E231K | Q232S | H234D | S235V | C236V | F237T | R239P | P240Y | L242V | I243V | F244I | V245A | F246L | S248E | V249A | Q250P | A255S | A257S | E258L | R259Q | S260A | S262G | D263R | V264L | I266V | T267S | H270Q | S271A | D273P | E276T | E277R | D279L | H281S | I282L | A284V | E285G | S286L | E288S | N290T | A291E | K292T | L296I | L297V | L300V | A301S | L304V | G310S | L314V | L318T | L324V | L326V | L328V | L329I | L331V | L332V | A335T | E336Q | L342V | L351V | L354I | A356S | A364C | A365T | L368V | A377T | A378S | G380N | L382Q | L387I | E389Q | A392T | L396V | L406V | L407V | A410C | A413T | A422S | L427V | D428N | L430V | E434Q | L443V | E444Q | L445V | A446S | L448I | L450V | L454V | L456V | A459S | A460T | L462V | L464V | A466T | E470Q | E471Q | L472V | L475V | L476V | A479T | L482V | A483T | L485V | A487T",181
"Node1336 to Node1337","A47G | T48L | V145L | G156R | H172N | S177L | S196G | M199A | V200L | V204I | F205L | Q207N | A209Q | M210I | A213T | S214A | A219E | R221K | L223M | G229E | S232K | A233L | V235I | V236I | T237M | V243I | L246E | I247V | A249T | L258H | Q259D | A260E | G262S | L264I | V266I | S267N | I269L | A271N | G274A | V275I | T276N | R277H | L279M | S281C | L282P | G285A | A287E | S288D | E291N | I296L | S310A | T318L | I329L | I354L | Q382L | I387L | I448L",57
"Node1337 to Node1338","R156G | L200I | A217V | D251N | L286M",5
"Node1338 to Node1339","S150A | H181S | K212Q | A214Q | E215K | E222K | M223I | A245V | T249V | N251S | H258Y | D259E | E260D | R263Q | V265L | I266L | A285S | M286L | Q336E | Q389E | Q434E | Q444E | Q470E | Q471E",24
"Node1339 to Node1340","P228S | V247I | L261I | S378A | N380G",5
"Node1340 to Node1341","A150S | S181H | I200L | Q212K | Q214A | K215E | V217A | E219T | K222E | I223M | S228P | V245A | I247V | V249T | S251D | Y258H | E259D | D260E | I261L | Q263E | L265V | L266I | N267R | A274Y | N276Q | S285K | A289G | E336Q | A378S | G380N | E389Q | E434Q | E444Q | E470Q | E471Q",35
"Node1341 to Node1342","S150A | H181S | R201K | E222N | K232R | P250K | E263D | I264M | N271S | P273D | V284I | L286I | Q336E | Q389E | Q434E | Q444E | Q470E | Q471E",18
"Node1342 to Node1343","A214S | D288S",2
"Node1343 to Node1344","G5S | S9T | G47A | L48T | D90S | A91S | A92S | G95N | A96T | Y98S | G99N | A126S | G130T | L145V | A150S | G156S | G161A | L177S | V179C | T182A | E183D | G196S | A199M | L200V | K201R | I204V | N207Q | Q209E | I210V | T213A | S214A | T219A | L220I | K221R | N222E | M223V | E224S | E229G | K231V | R232Q | L233V | I235A | I236V | M237T | I243V | E246L | T249A | K250S | H258V | E260S | S262G | D263R | M264L | I266V | R267D | K268A | L269I | S271A | I272V | D273P | Y274G | I275V | Q276T | H277R | M279L | I284T | K285G | I286L | E287A | S288N | G289A | N291E | L296I | A310S | A315T | L318T | L329I | E336Q | L354I | L382Q | L387I | E389Q | E434Q | E444Q | L448I | E470Q | E471Q",87
"Node1344 to Node1345","S196P | E222D | V223A | L246Q",4
"Node1345 to Node1346","S5G | S180P | E209D | V210A | A217T | A219R | I220V | D222G | V231A | Q232E | S250A | D259G | S260R | A268S | I269V | T276V | V283I | T290A | T315A | S378A | Q382L",21
"Node1346 to Node1347","G5S | V145P | A192S | T193W | D209E | A210V | T217A | E218A | R219A | V220I | G222D | A231V | E232S | A250S | V258L | G259D | R260S | L264A | V266T | S268A | V269I | A271K | V276T | I283V | G285R | A290P | A378S | L382Q",28
"Node1347 to Node1348","M199A | A202G | V204I | Q207E | A214K | E215S | A217S | R221Q | D222N | A223F | P228A | G229R | V230L | S232N | A235T | Y240F | S250D | R263N | V265I | D267E | P273N | T276Q | L279T | P282L | V283A | T284V | I296L | I329L | I354L | S378A | Q382L | I387L | I448L",33
"Node1348 to Node1349","S5G | T48L | S90D | S91A | S92A | N95G | S98Y | N99G | S126A | T130G | P145V | S154T | S156R | A161G | P171N | N172H | S177L | C179V | P180S | S181H | A182T | D183E | S192A | W193T | P196G | R197S | A199M | V200M | R201Q | G202A | I204V | E207Q | V210I | K212R | A213V | K214A | S215D | S217L | Q221R | N222E | F223I | S224E | A228P | R229T | L230V | N232R | V233A | T235S | F240Y | V243I | Q246L | V247L | D250P | D251S | L258V | D259E | S260E | L261I | N263R | A264Q | I265V | T266V | A268S | K271V | V272I | N273D | Q276T | T279L | L282P | A283V | V284G | R285H | A287E | N288Q | P290A | E291Y | T292L | L296I | S310A | R313S | T318L | L329I | P349Q | A350R | L354I | T377A | A378S | N380R | L382Q | L387I | L448I",91
"Node1349 to Node1350","T146A | R157G | Q201E | R212Q | D215S | E222K | I223L | T229M | S235D | P250E | S251T | V258L | S268G | E287Q | Q288L | A289D | P348T",17
"Node1350 to Node1351","T9P | D90S | A91S | A92S | A126S | G130T | A134L | V179T | E183D | R194G | M200V | E201Q | V204I | I210V | Q212K | V213A | S215D | L217A | R221A | K222E | L223I | P228E | M229G | A233V | D235A | I243V | L247A | E250H | L258V | E259D | I261L | R263K | Q264L | E267S | G268K | V271A | I272V | D273P | V275I | G284V | Q287A | L288S | D289A | Y291R | L292M | S313R | R316L | T348P | Q349P | R350A | A377D | R380G",52
"Node1351 to Node1352","G196R | A214R | E228D | L264M | I269V",5
"Node1352 to Node1353","S90D | M198A | I244V | A245V | A247T | P282S | M292T | V314A | Q382L",9
"Node1353 to Node1354","E222D | D228S",2
"Node1354 to Node1355","T130G | A198S | V265I | A271M",4
"Node1355 to Node1356","T6P | S91A | S92A | S126A | A221S | S228P | M271L",7
"Node1356 to Node1357","M264L",1
"Node1357 to Node1358","D183E | S221Q | D222E",3
"Node1358 to Node1359","E222K | K263S | L271Y | H285N | R313A",5
"Node1359 to Node1360","Q221E",1
"Node1361 to Node1362","S263G",1
"Node1364 to Node1365","Y271F",1
"Node1365 to Node1366","F271Y",1
"Node1369 to Node1370","R214H | E221G | T247A | E260D | T276M | R291E",6
"Node1372 to Node1373","A218V | V231I | Y271N | P273A",4
"Node1373 to Node1374","H214R | V218A | G221E | I231V | A247T | D260E | G263T | N271Y | A273P | M276T | E291R",11
"Node1374 to Node1375","T251N",1
"Node1375 to Node1376","E221D | T247S | T263Q",3
"Node1376 to Node1377","P228N | S247A | Q263R | L264M | V269I | L279V | R291E",7
"Node1377 to Node1378","S158A | N251S",2
"Node1378 to Node1379","N228Q | A249G",2
"Node1380 to Node1381","S251T",1
"Node1381 to Node1382","A158S | D221E | Q228P | A247T | G249A | R263S | M264L | I269V | V279L | E291R",10
"Node1382 to Node1383","A219T | I220V | E221S | K222D | I223L | R232Q | V244I | E248Q | H250D | I265V | Y271S | P273A | N285H",13
"Node1383 to Node1384","D250E | A273T | R291E",3
"Node1384 to Node1385","E183D | T219A | V220I | L223I | Q232R | I244V | Q248E | E250H | S263K | L264M | V265I | S271L | T273P | E291R | A313R",15
"Node1385 to Node1386","D183E | A219Q | H285R",3
"Node1386 to Node1387","K212R",1
"Node1388 to Node1389","A218G | S221A | H250N | M264L | L271M | R313A",6
"Node1390 to Node1391","Q219L | I223L | K268N",3
"Node1393 to Node1394","P228T",1
"Node1394 to Node1395","T228A | N268K",2
"Node1415 to Node1416","L219Q | R291E",2
"Node1419 to Node1420","Q219L | E291R",2
"Node1421 to Node1422","M271L | R291E",2
"Node1423 to Node1424","L271M",1
"Node1424 to Node1425","A221S",1
"Node1428 to Node1429","L219Q",1
"Node1430 to Node1431","Q219L",1
"Node1431 to Node1432","S221G",1
"Node1433 to Node1434","G221A | K268N",2
"Node1439 to Node1440","N268K | E291R",2
"Node1453 to Node1454","L223I | R291E",2
"Node1455 to Node1456","L219R",1
"Node1456 to Node1457","I223L",1
"Node1457 to Node1458","R219L | L223I",2
"Node1459 to Node1460","A228S",1
"Node1460 to Node1461","S228P",1
"Node1466 to Node1467","L219E | D222E",2
"Node1468 to Node1469","E219L | E222D | P228S",3
"Node1469 to Node1470","L219V | I223L | S228A | T251N",4
"Node1471 to Node1472","V219L | N251T | E291R",3
"Node1473 to Node1474","A228T | K268N",2
"Node1475 to Node1476","L219Q | L223I | T228P | V245L | T247C | K263N | N268K",7
"Node1476 to Node1477","R212Q | D222K | P228T | N250K | N263D | R291E",6
"Node1477 to Node1478","K250Q",1
"Node1478 to Node1479","Q250P",1
"Node1481 to Node1482","P250Q",1
"Node1482 to Node1483","Q212R | G218A | A221S | K222D | T228S | L245V | C247T | Q250H | D263K | L264M | M271L | E291R | A313R",13
"Node1483 to Node1484","Q219H | S228P",2
"Node1485 to Node1486","R212K | H219S | D241E | V244I | V245A | V258L | K268R | L279I | R285H | R313A",10
"Node1487 to Node1488","A91S | A92S | A126S | E183D | A218G | S219A | S221A | P228S | E241D | I244V | A245V | L258V | L271M | I279L | A313R",15
"Node1488 to Node1489","P6T | G130T | S198A | G218A | D222E | S228D | I265V | R268K | M271Q | P273S",10
"Node1489 to Node1490","T6P | S91A | S92A | S126A | T130G | D183E | I206V | K212T | R214Q | D215E | A217S | I220V | A221S | H250D | K263E | K268R | Q271R | S273A | V283I | V284L | R313A",21
"Node1490 to Node1491","T212M | E215Q | A218E | E222K | A235T | D250S | V258I | E260Q | E263H | M264A | R291E",11
"Node1491 to Node1492","S158A | Q215A | I258G | H285R",4
"Node1492 to Node1493","I204M | V206I | Q214E | S217T | K222G | S255A | S257A | Q260P | R285K | T292L",10
"Node1493 to Node1494","E214D | D228E | T235A | L286I",4
"Node1494 to Node1495","T179V | A215S | P239A | S250A | G258A | P260H | H263Q | I296L | I329L | I354L | I387L | I448L",12
"Node1495 to Node1496","E218A | G222A | Q263D",3
"Node1496 to Node1497","I206V | T217A | A222E | A235T | H260R | D263T | A310G",7
"Node1497 to Node1498","S4P | T96A | S215Q | A239P | R260L | S267G",6
"Node1498 to Node1499","P4S | A96T | A158S | V179T | M204I | D214Q | A217S | A218E | E222K | E228D | A250S | A255S | A257S | A258I | L260Q | T263H | G267S | K285H | I286L | L292T | L296I | G310A | L329I | L354I | L387I | L448I",26
"Node1499 to Node1500","A91S | A92S | A126S | E183D | V206I | M212K | Q214R | Q215D | S217A | E218M | V220I | S221K | K222E | T235S | S250H | I258V | Q260E | H263K | A264M | R268K | R271Q | A273S | I283V | L284V | E291R | A313R",26
"Node1500 to Node1501","S91A | S92A | S126A | M218L | E248Q",5
"Node1501 to Node1502","A91S | A92S | A126S | R196G | A198M | Q201H | E209S | A213S | R214V | L218A | K221A | D228E | V231T | S235A | V244I | V245A | L246M | T247V | Q248E | M264L | V266L | K268Q | V269I | Q271M | V272I | S273P | G274N | S282P | V283I | V284I",30
"Node1502 to Node1503","S91A | S92A | S126A | D183E | A217S | A221G | E228Q | M271L",8
"Node1504 to Node1505","S209A | S217A | A218G | G221A | E222A | Q228E | I244V | H250R | T251S | E260D | L271M | R313A",12
"Node1505 to Node1506","D90S | A91S | A92S | A126S | G130T | A153R | E183D | G194R | S197H | H201Q | A209E | S213A | V214A | D215E | I220V | I223L | T231V | R232Q | V233A | A235D | V244I | A245V | M246R | V247A | R250P | S251N | K263R | L266V | S267A | Q268R | M271A | I272V | N274G | I283V | I284V | T292M | A313V | R317A",38
"Node1506 to Node1507","S90D | S158A | K212R | R246K | V258M | V283I",6
"Node1507 to Node1508","A3S | D90S | M199T | R212K | G218A | V220I | A222E | L223I | A233S | D234E | K246R | A249G | N251S | M258V | D260E | R263Q | A267S | R268K | A271S | I283V | H285R",21
"Node1508 to Node1509","S90D | T199A | I206V | V231T | Q263T | K268Q | S271R | L286I",8
"Node1509 to Node1510","S3A | S91A | S92A | S126A | T130G | A218R | E222A | E228D | V258M | Q268S | R271K",11
"Node1510 to Node1511","A199T | R218E | Q232T",3
"Node1511 to Node1512","E260Q",1
"Node1512 to Node1513","T199A | E218R | T232Q | S233A | Q260E",5
"Node1513 to Node1514","Q232L",1
"Node1514 to Node1515","E215D | K271A",2
"Node1515 to Node1516","S268R",1
"Node1516 to Node1517","D228E",1
"Node1517 to Node1518","A221G | A271S",2
"Node1518 to Node1519","A199T | G221A | E228K | M258V | R268S | S271A | R285S | I286L",8
"Node1519 to Node1520","T199A | D215E | K228D | T263A | A271K | S285R | L286I",7
"Node1520 to Node1521","R218T | S267T | S268T | K271N | V283I",5
"Node1523 to Node1524","K212R | T218R | A222D | I223V | T231V | L232V | E234D | V245A | A247I | T267S | T268H | N271K | I283V",13
"Node1524 to Node1525","R212K | A219E | D222A | V223I | V231I | V232Q | D234E | A245V | I247V | S251N | V258M | A263T | S267A | H268S | K271Q | P273D | I286L",17
"Node1525 to Node1526","A91S | A92S | A126S | Q201H | R218A | E219A | A222E | D228E | I231E | A233S | V247A | N251S | M258V | A267S | S268Q | Q271R | D273P | L286I",18
"Node1526 to Node1527","S91A | S92A | S126A | A199T | H201Q | V206I | A213S | A214T | A218Q | E231V | P250Q | E260A | T263Q | L264M | Q268K | I269V | R271S | V283I | I286F",19
"Node1527 to Node1528","A3S | A91S | A92S | A126S | G130T | T199M | Q201S | S213A | T214A | Q218E | I220V | E222K | Q232S | S233A | E248Q | G249A | Q250P | S251D | A260E | Q263R | M264L | S267A | V269I | S271A | T276D | I283V | R285H | F286L | E379D",29
"Node1528 to Node1529","S7N | P8S | A47S | V145I | R148S | G151A | R153T | L184M | R194G | G196N | H197D | S201Q | E209D | E218A | V220I | K222E | V231T | Q248E | P250R | D251N | I269V | A271N | D276T | L286I | A290S",25
"Node1529 to Node1530","A146P | N152T | D183E | P273D",4
"Node1530 to Node1531","E183V | S232L | S290A",3
"Node1531 to Node1532","T130G | S159G | T179V | M199V | E228K",5
"Node1532 to Node1533","S91A | S92A | S126A | R263K | V272I",5
"Node1533 to Node1534","E222Q | I272L",2
"Node1534 to Node1535","N271T",1
"Node1535 to Node1536","A218T",1
"Node1536 to Node1537","I223V",1
"Node1540 to Node1541","A267S",1
"Node1541 to Node1542","T271N",1
"Node1544 to Node1545","T218K",1
"Node1545 to Node1546","D273E",1
"Node1547 to Node1548","E273D",1
"Node1550 to Node1551","K228N | R250K",2
"Node1552 to Node1553","K218R | A219E",2
"Node1554 to Node1555","R218K | E219A | N228S",3
"Node1556 to Node1557","E215D | S228K | K250R",3
"Node1557 to Node1558","K218R",1
"Node1558 to Node1559","D215E | A219E",2
"Node1560 to Node1561","I220V | A221G | Q222N | V223I",4
"Node1563 to Node1564","D273E",1
"Node1564 to Node1565","N222Q | K228S",2
"Node1566 to Node1567","Q222A",1
"Node1567 to Node1568","S228A",1
"Node1568 to Node1569","V199T",1
"Node1569 to Node1570","T199V | A222Q | A228S | K263Q",4
"Node1570 to Node1571","Q222N | S228K | Q263K",3
"Node1571 to Node1572","E273D",1
"Node1572 to Node1573","V220I | G221A | N222Q | I223V | R250K",5
"Node1574 to Node1575","K228S",1
"Node1575 to Node1576","E215D | R218K | E219A | S228K | K250R",5
"Node1576 to Node1577","D215E",1
"Node1577 to Node1578","A219S | Q222L | V223I",3
"Node1578 to Node1579","S219A | L222Q | I223V",3
"Node1579 to Node1580","K218S",1
"Node1580 to Node1581","S218A",1
"Node1583 to Node1584","D273E",1
"Node1584 to Node1585","N271S | E273D",2
"Node1586 to Node1587","A218T | S271N",2
"Node1589 to Node1590","V223I | D273E",2
"Node1590 to Node1591","A221G | K228Q | K268R | N271S",4
"Node1591 to Node1592","A219E | Q222K | S267A",3
"Node1592 to Node1593","L264M",1
"Node1595 to Node1596","M264L",1
"Node1596 to Node1597","E219S | G221A | K222Q | Q228K | A267S | R268K | S271N",7
"Node1597 to Node1598","S219A | I223V | S267A | N271T",4
"Node1599 to Node1600","T218K | Q222A | E273D",3
"Node1601 to Node1602","L232Q",1
"Node1602 to Node1603","V199T | N251S | T271A",3
"Node1603 to Node1604","T154L | M184L | T193R | Q201H | K212H | A217T | K218H | I220L | A221T | K228P | T231V | Q232S | E234D | T237S | S255A | S257A | E260A | K263H | L264D | V269I | T280A | I286L | M292L",23
"Node1604 to Node1605","L154T | L184M | R193T | T199V | H201Q | H212K | T217A | H218A | L220I | T221A | A222Q | V223I | P228K | V231T | S232L | D234E | S237T | S251N | A255S | A257S | A260E | H263K | D264L | I269V | A271T | A280T | L286I | L292M",28
"Node1605 to Node1606","A219K | A221T | Q222D | T231I",4
"Node1607 to Node1608","A218Q",1
"Node1608 to Node1609","K219Q",1
"Node1611 to Node1612","D273E",1
"Node1612 to Node1613","A2E | T154L | T193R | Q218A | Q219E | T221A | D222E | I223V | I231T | T271N | L272I | E273D",12
"Node1613 to Node1614","D209E",1
"Node1614 to Node1615","R133T | R135S | P163T | M198V | E215D | E219Q | K228Q | I272V | D273P",9
"Node1621 to Node1622","D197A",1
"Node1623 to Node1624","K268R",1
"Node1624 to Node1625","E2S | G5R | S166W | A197P | V223I | Q228K | R250S | E260D | N271G",9
"Node1625 to Node1626","V198M | D215E",2
"Node1626 to Node1627","T152S | R185H | R193W | A218R | Q219R | K228D | S255A | S257A | G271T | P273D | M292L",11
"Node1627 to Node1628","S2A | S3P | A151P | T153Y | R219K | A221S | S250G | D379E",8
"Node1630 to Node1631","W193V | N196Q | M198V",3
"Node1631 to Node1632","P3T | S4H | A158S | V199M | K219Q | T271A | A310G",7
"Node1632 to Node1633","R5P | T96A | W144Y | S148G | Y153L | S158N | V193A | I286L",8
"Node1633 to Node1634","T3P | H4S | P5R | A96T | Y144W | G148S | L153Y | N158A | A193W | Q196N | V198M | M199V | Q219K | R268K | A271T | L286I | G310A",17
"Node1636 to Node1637","G194E | M198V",2
"Node1637 to Node1638","A2E | P3S | R5G | P151A | S152T | Y153T | W166S | H185R | W193R | E194G | P197D | K212R | E215D | R218A | K219Q | S221A | I223V | D228Q | G250R | A255S | A257S | D260E | T271N | D273P | L292M | E379D",26
"Node1638 to Node1639","K268R",1
"Node1647 to Node1648","R212K",1
"Node1651 to Node1652","T133R | S135R | T163P | V198M | I206V | D215E | Q219E | Q228K | R250K | N251H | K263E | R268K | V269I | N271R | V272I | P273D | I286L",17
"Node1652 to Node1653","E219A | L264M",2
"Node1653 to Node1654","A218T | K268Q",2
"Node1654 to Node1655","E2A | A91S | A92S | A126S | G130T | L154T | G159S | V179T | R193T | V199M | V206I | E209D | T218A | V223I | K228E | K250A | H251N | E263R | M264L | Q268K | I269V | R271N | I272V | L286I",24
"Node1655 to Node1656","T130G | I206V | L279V",3
"Node1656 to Node1657","S91A | S92A | S126A | S159G | V183E | D209N | A221G | R263Q | N271T | D273E",10
"Node1657 to Node1658","M199V | E222A | E228Q",3
"Node1658 to Node1659","M184L | N209A | A218R | N251S | K268Q | T271S | E273P",7
"Node1659 to Node1660","Q263A",1
"Node1660 to Node1661","S8P | T179V | A214T | A217T | R218S | G221S | A222G | Q228S | I244V | S251T | S255A | S257A | V258M | V266I | A267K | Q268R | I286V | M292L",18
"Node1661 to Node1662","P8S | V179T | L184M | V199M | A209N | T214A | T217A | S218A | S221R | G222E | S228E | V244I | T251N | A255S | A257S | M258V | A263Q | I266V | K267A | R268K | S271T | P273E | H285N | V286I | L292M",25
"Node1662 to Node1663","M199T",1
"Node1663 to Node1664","E228P | Q263A",2
"Node1664 to Node1665","M184L | A250P | T271V | E273D",4
"Node1665 to Node1666","A219E | E222T | A263S",3
"Node1666 to Node1667","N209G | K212R | E215D | P228S | N285H",5
"Node1667 to Node1668","I204V | G209T | R212K | D215E | A218E | E219T | T222Q | S228P | P250A | S263A | L264M | V271T | D273E | H285N | I286L",15
"Node1668 to Node1669","A2S | D197G | T199M | T209E | K212R | A213S | A217S | E218A | T219A | R221A | Q222A | P228S | V245A | D259G | A263R | M264L | A267Q | T271S | E273D | N285A | L286I",21
"Node1669 to Node1670","S2A | A91S | A92S | A126S | G159S | E183V | L184M | G197D | M199A | V204I | V206I | E209D | R212K | S213A | S217A | A222E | S228E | A245V | G259D | Q267A | S271N | V272L | V279L | A285H",24
"Node1670 to Node1671","G130T | P146A | T152N | V183D | A199M | L232S | A250R | A267S | K268R | L272Q | D273P | A290S",12
"Node1671 to Node1672","S4P | N7S | S8P | S47A | T130G | I145V | S148R | A151G | T153R | T182Q | M184L | A192E | G194R | G195K | N196G | D197H | D209E | E215A | E222D | E228P | V245A | R250P | N251T | V266I | S267A | R268K | V269I | N271D | Q272V | P282T | I286L | L384T",32
"Node1672 to Node1673","S91A | S92A | S126A | A247V | K268R",5
"Node1673 to Node1674","S232L | R263K | L286V",3
"Node1674 to Node1675","D222Q | P228A | P250N | T384L",4
"Node1676 to Node1677","A215S | T231V | R268K",3
"Node1677 to Node1678","A218E",1
"Node1678 to Node1679","Q222A",1
"Node1679 to Node1680","A228S",1
"Node1680 to Node1681","V243C | N250E",2
"Node1681 to Node1682","S228P",1
"Node1682 to Node1683","K212R | S215A | V231A | D271E | P273E | S290A",6
"Node1684 to Node1685","E218Q",1
"Node1687 to Node1688","Q182T | A221G",2
"Node1688 to Node1689","T182Q | Q218K | G221A",3
"Node1689 to Node1690","R212K | A215T | K218E | A219T | I220V | A221G | A231V | L232T | E271D | E273P",10
"Node1690 to Node1691","Q182T | T208S | A213S | A214S | T215Q | A217S | T219S | P228D | T232K | D235E | C243V | T251N | S255A | S257A | D259N | K263Q | V272I | P273Q | V286G | M292L",20
"Node1691 to Node1692","T182Q | S208T | S214A | Q215S | S217T | S219A | V220I | G221S | A222G | D228S | V231T | K232L | E235D | V243C | N251T | A255S | A257S | N259D | E260D | Q263K | D271E | I272V | Q273P | G286V | L292M",25
"Node1692 to Node1693","S213A | T217A | S221A | S228A | T231V | C243V | E250N | D260E | E271D | A290S",10
"Node1693 to Node1694","S215T",1
"Node1695 to Node1696","A228S | V231T | N250S | T251N",4
"Node1696 to Node1697","E260D | K263R | I269L | S290A",4
"Node1698 to Node1699","T215S",1
"Node1701 to Node1702","L232M",1
"Node1702 to Node1703","Q182T | S250A",2
"Node1703 to Node1704","E218K | G222A | A250S | P273A",4
"Node1704 to Node1705","T182Q | K218E | A219Q | A222G | M232L | A273P",6
"Node1706 to Node1707","Q182T | S228T",2
"Node1708 to Node1709","T182Q | Q219A | T228S",3
"Node1711 to Node1712","S215T | S250R | D260E | R263K | L269I | P273A",6
"Node1712 to Node1713","T215S | S228A | T231V | R250N | N251T | A273P | A290S",7
"Node1714 to Node1715","E209D | E218A | G222Q | A228E",4
"Node1715 to Node1716","K212R | Q222E | P273E",3
"Node1716 to Node1717","Q182T | V210M | S215D | A217S | I220C | E228D | L232S | P239G | A245V | S255A | S257A | I266L | D271K | E273Q | T276V | L279Q | S290A",17
"Node1717 to Node1718","T182Q | M210V | D215S | S217A | A219S | C220I | D228E | S232L | G239P | V245A | N250S | A255S | A257S | L266I | K271D | Q273E | V276T | Q279L | A290S",19
"Node1718 to Node1719","A221S | V231A | S290A",3
"Node1719 to Node1720","S219T | S221A | A231V | A267S | V272T",5
"Node1720 to Node1721","Q182T | I206V | R212K | E222Q | E260D | E273D",6
"Node1721 to Node1722","T251S",1
"Node1722 to Node1723","T182Q | V206I | T219E | I220V | Q222A | A233S | V247I | S250K | S251T | D260E | S267A | T272V | D273P",13
"Node1723 to Node1724","Q182T | A214Q | E219D | V231A | E260D | V283I",6
"Node1724 to Node1725","E228D | A231T",2
"Node1725 to Node1726","T182Q | D209E | A213S | Q214S | S215E | A218R | D219E | V220I | A221R | A222Q | I223L | D228A | S233A | I247V | K250G | T251S | D260E | K263Q | K268R | P273K | I283V",21
"Node1726 to Node1727","T208S | S213A | S214H | E215A | R218T | E219A | I220V | R221A | L223I | A228N | V247L | G250E | S251T | Q263K | D271E | K273P | H285K | A290S",18
"Node1727 to Node1728","I206V | S208T | K212R | A213S | H214S | T218R | V220I | Q222D | I223L | N228P | T231V | L232S | L247I | E250P | E260D | K263R | G274H | L279T | K285H | V286L | A287R",21
"Node1728 to Node1729","A221G | I247V | T251S | L264Q",4
"Node1729 to Node1730","V206I | R212K | A215V | A219T | A233S | S290A",6
"Node1730 to Node1731","Q182T | S214G | A217S | I220V | S232T | A267S",6
"Node1731 to Node1732","G214S | V215I | S217A | R218N | V220I | D222E | P228D | T232E | S233T | E234A | D235E | R246H | V247L | P250E | S255A | S257A | V258I | D259E | D260A | R263K | Q264L | S267A | H274S | L286V | M292L",25
"Node1732 to Node1733","T182Q | I206V | K212R | I215Q | N218R | T219A | E222D | D228P | E232S | T233A | A234E | E235D | H246L | L247I | E250P | A255S | A257S | I258V | E259D | A260D | K263R | L264Q | S274H | V286L | A290S | L292M",26
"Node1733 to Node1734","Q182T | Q201K | R212A | S214A | A217T | G221R | D222E | T237A | A245V | L246V | I247V | S251T | S255A | S257A | D259Q | D260E | Q264E | I269V | H274R | H285E | S290A",21
"Node1734 to Node1735","I204M | E264G | Q270L | R274G | M292L",5
"Node1735 to Node1736","A219T | P228A",2
"Node1736 to Node1737","E209Q | E248Q | Q259A | A310G",4
"Node1737 to Node1738","T96A | I220L | E222G | V245A | G274D",5
"Node1738 to Node1739","A96T | Q209E | A212V | Q215R | T219A | L220I | G222E | A228P | A245V | Q248E | A259Q | R268H | D274G",13
"Node1739 to Node1740","T96A | P228D | V231Q | V246Q | E248Q",5
"Node1740 to Node1741","A96T | V200I | M204I | V212A | R215Q | D228P | Q231V | Q246V | Q248E | G264E | H268R | L270Q | E271A | G274R | G310A",15
"Node1741 to Node1742","I220V | L286F",2
"Node1742 to Node1743","E260A",1
"Node1743 to Node1744","V231I | A249S",2
"Node1744 to Node1745","V245A | V246L | A260G | A310G",4
"Node1745 to Node1746","V220I | L223I | I231V | A245V | L246V | S249A | G260E | A267S | F286L | G310A",10
"Node1746 to Node1747","T96A | A212S | R218H | R221N | E234D | D235S | I244V | V245A | Q259S | V272I | E285D | A310G",12
"Node1747 to Node1748","A96T | T182Q | I200V | K201Q | V206I | T208A | E209D | V210L | S212K | S213A | A214T | Q215A | T217A | H218A | I220V | N221R | E222D | V231T | A233S | S235D | A237T | V244I | V246R | V247A | A255S | A257S | V258L | S259D | R263T | E264L | S267A | R268K | V269I | A271D | I272V | R274G | T276M | T279L | D285H | L286P | R287A | A290S | L292M | G310A",44
"Node1748 to Node1749","A91S | A92S | A126S | I206V | A208T | D209E | L210V | T214A | V220I | R221A | D222E | S233A | D234E | A245V | L258M | T263R | D271A | P273E | M276T | T282P | P286L | L384T",22
"Node1749 to Node1750","S91A | S92A | S126A | Q201H | A218S | T231V | D235E | T237I | E248Q | K268Q | I269V | P282S | H285S | T384L",14
"Node1750 to Node1751","M199S | H201Q | V206I | A214S | A215S | S218A | I220V | A221S | E222A | V231T | S232L | E235G | I237T | V245M | Q248E | T251S | D259E | L261F | L264A | V265I | I266L | A267S | Q268K | E273P | S282P | V284T | S285Y | L286Q | S290A",29
"Node1751 to Node1752","A218K | A219S | P228A",3
"Node1752 to Node1753","Q182T | A264S | P273A",3
"Node1753 to Node1754","S219A | E260D",2
"Node1754 to Node1755","S255A | S257A | S264L | A271G",4
"Node1755 to Node1756","L232I | A249S | L264T | I265V | S267A | G271A | Y285S | Q286H",8
"Node1756 to Node1757","P250A | F261L | S285T | H286F",4
