"Comparison","Differences"
"Node1 to Node2","D6N | R33H | Q60K | L79I | C80Y | Y85F | A87E | S97Q | A120G | L130I | G144S | C165S | G212N | R224Q | Q230R | D244S | Q247H | V257S | P261H"
"Node2 to Node3","M13L | L26H | H34K | K35D | R42K | A45S | E49D | Q75K | Y80F | E87A | R98H | E108A | Q126S | N127H | H145N | M154L | T155S | Q162E | S167A | F181L | H182N | S194A | E205L | N212R | W213F | E221H | I222V | S223T | Y226Q | N236E | H261S | Q262N | N264Q"
"Node3 to Node4","N6D | F12L | K14E | H26R | Q32S | H33T | I38V | I41M | S45T | M59T | S62Q | K65N | T74S | Q76H | F85Y | A87K | C90S | Q97R | R99E | G100A | Q106K | E112D | Q115I | D116Q | E119S | S126Q | F129Y | S144G | S150A | S155A | L159I | A167G | V173I | S176A | N182G | S184T | F195Y | L205C | E211G | F213A | S214T | H221R | T223Q | Q224R | Y229E | K232R | L233A | A234C | E236R | S237E | E240A | I241V | Y243R | H247E | E248K | E251D | S257R | E258S | L260K | S261Q | N262Q | I263L | Q264E | E265K"
"Node4 to Node5","G1D | K249N | D251E"
"Node5 to Node6","T33I | E101D | S105G | E143S | G144E | I159L | Q226L | K248R | E251D"
"Node6 to Node7","P64Q | R102T | K106N | P107V | A108G | S119K | Q126R | G182N | A213L | T214K | L226I | R227V | R232K | R236K | A240E | E247S | R248H | D251E | Q261E | E264K | K265N"
"Node7 to Node8","S8Q | E162Q | K264L"
"Node8 to Node9","T11M | F80Y | K87R | S104G | A169T | A216T | P235F | S244K | N249C | S258T"
"Node9 to Node10","E220D"
"Node10 to Node11","M109L | L264A"
"Node11 to Node12","Q8A | V36T | R230K | N265V"
"Node12 to Node13","A100N | V227I"
"Node13 to Node14","K244Q | A264S"
"Node14 to Node15","S32C | Q64G | R87K | G108D | D220E | K230R | E240D | V241I | S264T"
"Node15 to Node16","V192I | T258A"
"Node16 to Node17","C32S | G64Q | K87R | D108G | I192V | E220D | R230K | A233N | D240E | I241V | A258T | T264S"
"Node17 to Node18","A8S | M11V | S18A | S32R | L92F | H98T | E99S | N100P | T102Q | N106G | V107P | G108A | L109V | S143D | Y195F | M208V | L213M | T216S | R221K | I226Q | I227V | N233G | F235L | K236N | V238I | E240N | Q244A | S247R | C249A | E251D | T258V | E261D | S264A"
"Node18 to Node19","K221M | D252E | V265A"
"Node19 to Node20","H76R | D220E | V258A | D261E | Q262E"
"Node20 to Node21","S8Q | V11M | A18S | R32S | T36V | R76H | F92L | T98H | S99E | P100T | Q102T | G104S | G106N | P107V | A108G | V109M | D143S | V146I | F195Y | V208M | M213L | S216T | M221R | Q226I | K230R | G233A | L235F | N236K | I238V | N240E | A244K | R247S | A249C | D251E | E252D | A258M | E262Q | A264I | A265S"
"Node21 to Node22","T102S | V241I | C249L"
"Node22 to Node23","Q64T | H76N | Y80F | T100Q | G105S | V107Q | M109L | V117I | R224K | V227I | R230K | F235Y | E240D | D252N | M258V"
"Node23 to Node24","Q8H | A233G | H248A | V258N | I264V"
"Node24 to Node25","Y235D | D240E"
"Node25 to Node26","H8Q | T169S | G233A | D235Y | E240D | A248H | N258V | V264I"
"Node26 to Node27","P7H | Q8N | Y94H | S143T | T216S"
"Node27 to Node28","I241V | E261D | Q262T | S265N"
"Node28 to Node29","R243K"
"Node29 to Node30","H88Y | I226M | V241I | K243R | D261E | T262Q | N265S"
"Node30 to Node31","H7P | N8Q | Y88H | H94Y | S104T | T143S | S216T | M226L | A233T | H248Q"
"Node32 to Node33","Q8S | M11T | I33T | T64P | N76H | R87K | Q100A | D101E | S102R | T104C | N106K | Q107P | G108A | L109M | I117V | K119S | R126Q | S143E | E144G | I146V | L159I | Q162E | S169A | N182G | L213A | K214T | T216A | K224R | L226Q | I227R | K230R | K232R | T233A | Y235P | K236R | D240A | I241V | K244S | S247E | Q248K | L249N | N252D | V258S | E261Q | I264E | S265K"
"Node33 to Node34","D6E | P7R | S8T | L13K | E14R | E15K | S18A | V23E | R25W | R26E | K28V | R30K | G31N | S32T | D35P | M40T | M41L | E48P | D49K | I52L | K56Q | V57I | T59K | Q62R | S74T | K75R | H76E | R77E | F80Y | Y85F | N93D | R97G | H98K | E99G | A100R | R102N | C104S | A108P | M109V | L111M | C114A | I115A | C118A | Q126A | H127Q | G144N | V146I | Y157L | V158I | I159K | S165A | S166R | G167A | A176T | P177A | V180A | G182A | T184N | S188T | Y195F | M199L | V202L | F203V | C205Y | K207R | M208I | G211P | R212G | A213V | V219L | E220Q | R221Q | Q223E | Q226Y | L228M | R232P | A233G | R236E | A240E | V241I | R243L | S244E | E247K | N249D | E251K | S255T | R257K | K260Q | Q261W | Q262K | K265D"
"Node34 to Node35","K2Q | E6P | T8S | E9S | T11R | K13R | V28I | K30N | E43P | N65K | V67I | G71A | R75Q | F85L | R96Q | E101R | S104- | P107L | V109Q | M111I | C139I | A167E | L181A | A182N | S187T | T188I | A194S | V197I | W200T | V213M | E229P | R230C | E237A | V238L | E244D | K251Q | D252E | K257E | S258T | K262R"
"Node35 to Node36","S8E | K49Q | D50A | V147C | K159Q | N182L | A237S | E240Q"
"Node36 to Node37","K98G | R100G | Q220A | S237P"
"Node37 to Node38","E26A | P64E | G97K | G99E | N102H | Y205H | E236D | P250A | T258Y | W261Y"
"Node38 to Node39","Q2A | V117I | A126K | Q159E | Y261S | R262V"
"Node39 to Node40","R13T | P35Q | I67V | T74S | Q75E | L85F | N145Y | H205K | D236E | D244Q | Q251E"
"Node40 to Node41","T13E | R14V | A18Q | Q20C | A26M | I28T | N31G | Q35R | V38I | Q49E | E53Q | I57V | C73V | K87N | H88R | Y94F | Q96K | K97G | G98E | E99M | R101K | H102Y | S105- | K106R | I111V | L124V | K126R | Q127M | I130V | A135R | R137A | Y145L | I146V | D161N | E167Q | N184G | V203T | I208V | T214V | A216R | A220D | G233E | P237S | Y239H | Q240D | I241L | K247R | A250P | S261A | V262F"
"Node41 to Node42","F85Y | R88K | L243C"
"Node42 to Node43","N87S"
"Node45 to Node46","T203A"
"Node46 to Node47","P232A | C243L"
"Node47 to Node48","E13D | K88Q | E98D | Y102M | A115S | D240E | Q244T | D249E | A261G"
"Node48 to Node49","E143D"
"Node49 to Node50","S87G"
"Node51 to Node52","V14L"
"Node54 to Node55","I197V"
"Node56 to Node57","E240D"
"Node57 to Node58","E8D | L14V"
"Node58 to Node59","E249D"
"Node59 to Node60","E233D"
"Node60 to Node61","D233E | P250A"
"Node61 to Node62","P43T | E236D"
"Node62 to Node63","D8E | T43P | D236E"
"Node63 to Node64","V14L | D249E | A250P"
"Node64 to Node65","M102I"
"Node65 to Node66","R11H | I102M | D240E"
"Node66 to Node67","H11R"
"Node67 to Node68","V197I | L238M"
"Node70 to Node71","E8D"
"Node71 to Node72","Q53M | I197V"
"Node72 to Node73","P43T"
"Node73 to Node74","D8E | T43P | M53Q | V197I"
"Node74 to Node75","M238L"
"Node75 to Node76","E8D | L14V | A203T"
"Node76 to Node77","D8E | G87S | S119A | T203A"
"Node77 to Node78","M99A"
"Node78 to Node79","E236A | T244S"
"Node79 to Node80","S115A | A236S"
"Node80 to Node81","N144S"
"Node81 to Node82","I197V | E249D"
"Node82 to Node83","V14L"
"Node84 to Node85","S144N"
"Node85 to Node86","A115S | L238M"
"Node86 to Node87","A99T | P250A"
"Node87 to Node88","M102L | S244T"
"Node88 to Node89","T99A | L102M | S115A | M238L | T244S | A250P"
"Node90 to Node91","A114S"
"Node92 to Node93","R11H"
"Node93 to Node94","H11R | S114A | N144S"
"Node94 to Node95","D98E"
"Node95 to Node96","L14V | R35Q | E98D | A115S | S144N | V197I | S236A | D249E"
"Node96 to Node97","Y85F | P250A"
"Node97 to Node98","F85Y | A99K | M102Y | L238M | A250P"
"Node98 to Node99","Q53E"
"Node99 to Node100","E8S | Q35R | E53Q | V57I | S87A | Q88K | K99A | Y102M | N144K | L145M | A236E | M238L | E240D | S244T | K248R"
"Node100 to Node101","S8E | I57V | A87S | K88Q | A99M | K144N | M145L | D240E | R248K"
"Node101 to Node102","G261S"
"Node102 to Node103","Q53E | D98N | K101N | M102I | A119S | D143E | V146I | E236G | S261G"
"Node103 to Node104","D13E | E53Q | Q88K | N98E | N101K | I102Y | S115A | I146V | A203T | A232P | G236E | E240D | L243C | T244Q | E249D | G261A"
"Node112 to Node113","M99T | D249E"
"Node120 to Node121","N144S"
"Node121 to Node122","E249D"
"Node123 to Node124","T99M | S144N"
"Node131 to Node132","S87N | E98D"
"Node132 to Node133","A118S | D240E | A261S"
"Node133 to Node134","E13T | V14R | Q18A | C20Q | M26A | T28I | G31N | R35Q | I38V | E49A | Q53E | V57I | E64K | K65H | V72I | V73C | E75D | E76R | Y85F | N87S | K88H | F94Y | K96T | G97K | D98G | M99E | K101Q | Y102N | -105S | R106K | Q109T | V111I | S118A | V124L | R126K | M127Q | N128G | V130I | R135A | A137R | L145Y | V146I | N161D | Q167E | G184N | T203V | V208I | V214T | R216A | D220A | C230I | E233G | S237P | H239Y | E240Q | L241I | C243L | R247N | P250A | E257D | S261A | F262V"
"Node134 to Node135","I28V | Q56G | F85Y | H88G | T96S | Q101A | S105- | K106Q | I117V | K126A | R166H | L202I | V218T | L219I | E252N | A261G"
"Node135 to Node136","K60N | R76K | E99D | A114S | S119A | A126T"
"Node136 to Node137","T13R | A18Q | Q35P | V38I | A49Q | E53A | G56Q | N60K | K64A | H65N | V67I | I72V | S74T | D75Q | K76E | Y85L | S87K | G88H | S96V | D99E | A101R | N102H | -105S | Q106K | T109A | S114A | V117I | A119S | T126K | G128N | N144G | Y145N | I146V | T164N | A165P | I202L | K205H | T218V | I219L | I230C | G233N | E236D | Q244E | N247K | D249N | E251Q | N252E | D257E | G261S"
"Node137 to Node138","R13Q | Q75N | R101Q | S119A | Q127M | E167Q | C230K | C234A | Q240E | A250E | E252D"
"Node138 to Node139","P6S | Q13N | K15R | Q18A | N31G | I38V | P43T | Q56A | D93E | V96K | K97G | G98D | E99G | G100K | H102Y | S105- | A109E | A114G | I117V | K126R | R185K | I208V | K230Q | P232M | N233D | A234T | P237A | E240G | Q251Y | D252E | V262L"
"Node139 to Node140","N13T | R14K | T200V | E257D"
"Node140 to Node141","S6P | T13Q | K14R | R15K | A18Q | A26S | G31N | V38I | K42R | T43P | A56Q | E93D | K96V | G97K | D98G | G99E | K100G | Y102H | -105S | E109A | G114A | V117I | R126K | K185R | V200T | H205Y | V208I | Q230K | M232P | D233N | T234A | P235T | A237P | G240E | Y251L | E252D | D257E | L262V"
"Node141 to Node142","A2Q | Q13R | K15R | Q18A | S26A | V28I | I38V | R42K | Q49E | A53E | A64E | N65K | N75Q | H88N | V96Q | Q101R | A109Q | I117V | A119S | K126A | M127Q | G144N | V146I | E159Q | N164C | P165A | H166R | Q167E | Y205H | K230P | N233G | A234C | T235P | E240Q | E244D | N249D | E250A | L251Q | D252E | Q260R | S261Y | V262R"
"Node142 to Node143","Q2E | P6E | E8T | L10I | R11Q | R13K | A26E | A50D | E53A | Q109E | M113I | A114G | N128H | I139V | N144G | C147V | V149I | Q159N | N184S | T187S | T200V | A216G | Q221K | R224Q | K248Q | D249E | Q251E | R262T"
"Node143 to Node144","S47A | P48A | R62Q | Q75K | S105- | L157V | N159K | C164T | Y183F | S184N | I208V | R260K"
"Node144 to Node145","R15K | N31T | I149V | K159A | L198F | E249D | A250P | T262Q"
"Node145 to Node146","Q11R | K13M | R14K | K15R | I28L | T31N | A47S | A48P | Q62R | K75Q | -105S | V149I | V157L | A159N | T164C | F183Y | N184S | F198L | V208I | P230V | D236E | D249E | P250A | K260R | Q262T"
"Node146 to Node147","E2Q | E6P | T8E | I10L | R11Q | M13R | K14Q | E26A | L28I | D50A | A53E | I67V | T74S | I79L | K87P | H102F | E109V | I113M | G114A | H128N | V139I | G144N | V147C | I149V | L157V | N159Q | S184N | S187T | V200T | I208V | G216A | K221Q | E223D | Q224R | V230P | E236D | Q248K | E249D | A250E | E251Q | R260K | T262R"
"Node147 to Node148","Q11R | Q14K | R15K | A26E | E49Q | K60R | E64P | V67I | S74T | E76Q | L79I | P87K | N88H | K97G | E99G | F102N | V109Q | N145L | V157L | C164T | R185K | I197V | H205Y | V208I | D223E | P230C | P232A | G233N | D236E | Q240E | E250A | Y258T | K260Q | Y261W"
"Node148 to Node149","L10I | Q49A | R60K | Q76E | V82I | K87T | G98K | G100R | S119A | L145N | Q159A | K185R | T187S | V197I | A220Q | V222L | R224K | A232P | N233G | E236D | P237S | E240Q | K248R | D249N | A250P | Q251A | E252D | T258A"
"Node149 to Node150","Q2M | R11T | R13K | T87S | A126L | Y183F | C234T"
"Node150 to Node151","M2Q | E8S | I10L | T11K | K13M | K14R | A18H | I28L | V38I | S47D | A49K | A50D | E53A | I82V | S87K | V117I | A119S | L126A | I146C | C147V | V149I | A159K | D160E | T164E | E167V | K170R | L182N | F183Y | S187T | L222V | K224H | T234C | D236Q | S237A | Q240E | D244E | R248K | N249D | A251M | D252E | A258T | R262K"
"Node151 to Node152","R7K | L16I | E76D | K87R | D93E | N102S | M113V | A126S | L157V | L202I | Q220H | Q236P | P250E | D265E"
"Node152 to Node153","W25Y"
"Node153 to Node154","K11R | P64Q | P236Q"
"Node154 to Node155","Q2R | P6E | K7R | S8T | S9E | L10I | R11A | L12M | M13K | R14H | K15R | I16L | H18G | F21Y | E23D | G27A | L28V | N30K | N31R | T32Y | T33N | P35T | I38V | P43E | G44D | D47A | P48L | A53E | Q56A | K60E | L61M | R62K | Q64P | K65N | I67V | Y70L | A71G | Q75R | D76E | E77P | I79F | L85F | R87T | S90N | E93D | Q96R | K98S | G99N | R101E | S102E | L103I | K106G | L107P | P108T | Q109V | I111M | D112Y | V113M | A115T | S126A | Q127R | Y129F | I139C | C146L | I149V | V157L | I158M | E160D | E162T | E164T | R166H | V167A | R170K | A180G | A181L | N182A | T187S | I188T | S194A | I197V | T200W | I202L | V203A | R207M | I208S | M213V | T214D | N215L | A216T | L219Y | Q221L | V222L | H224R | P229E | C230R | Q236A | A237N | L238V | E240Q | I241L | E244K | K247Q | K248W | E250P | M251K | E252D | E257K | T258E | L259I | Q260H | W261Y | K262A | E265N"
"Node155 to Node156","N145H | P232A"
"Node156 to Node157","V82I | R185K"
"Node157 to Node158","R2E | E9D | R15K | G97N | S98C | G106N | P107A | T108V | A122S | A126S | K159R | L202I | L221M | R224K | A232P | A236P | N237K | Q240E | L243R | D249N | K251N | Y261H"
"Node158 to Node159","D23E | R31K | A47E | L48V | K49E | D50E | E53K | I57V | M61I | T87P | I103L | S105- | V109T | I117V | G120A | R127K | R159T | D160G | G180S | E217Q | H220E | P232E | K237E | E240Q | N251S | E264N | N265T"
"Node159 to Node160","D44E | T188I | H261Q"
"Node160 to Node161","Y32H | E47Q | N97E | C98N | R100E | E102T | N106S | V141I | H166Q | D214E | P236A | Q240K | R243K | D252E | Q261D | A262D"
"Node161 to Node162","A11S | H14N | T35I | K42R | T45N | Q47R | E49D | K53R | E60N | D93E | N99D | E101T | S106P | M111L | I141L | L157I | M158V | D161E | T162I | I188N | V192I | V197I | M207S | T216Q | Q217H | M221K | E237D | K243L | Q247E | S251A | D261E | D262E | L263M | T265N"
"Node162 to Node163","H88Y | K127N | T159Q | E220G | N249K | T255S"
"Node163 to Node164","E2S | I5V | E6D | T8Q | S11V | N14S | V28C | K34R | V48I | R53S | S126A | N127S | F129Y | V158T | I162V | A236L | K240N | P250V | E258D | H260L | N265T"
"Node164 to Node165","S2E | V5I | D6E | Q8T | V11S | S14N | C28I | R34K | I48V | S53R | I82V | E97D | T102S | S119F | A120G | A126K | S127N | N128S | Y129F | N144H | V147L | I157M | T158V | V162I | N184Y | N188S | I192V | S207C | E214D | K224Q | L236T | N240K | K249R | V250P | A251T | K257S | D258E | L260H | T265N"
"Node165 to Node166","E6Q | K13R | I28V | L41V | N60T | V82I | Y88H | D97E | E100D | S102T | T115S | F119S | G120A | S122C | K126S | N127K | S128N | E143D | H144N | L147V | M157I | Q159T | Y184N | S188N | V192I | C207S | D214E | G220E | Q224R | T236A | R249N | T251A | S255T | S257I | H260Q"
"Node166 to Node167","P250A | T255N | E258G"
"Node167 to Node168","Q6E | S11A | R13K | N14H | A27G | H32Y | I35T | V41L | R42K | N45T | R47E | D49E | R53K | T60E | E93D | E97N | N98C | D99N | D100R | T101E | T102E | P106N | L111M | S115T | C122S | L141V | D143E | A155S | I157L | V158M | E161D | I162T | Q166H | N188I | I192V | I197V | S207M | V213I | E214D | Q216T | H217Q | K221M | R224K | A236P | D237E | K240Q | L243R | E247Q | A250P | A251S | E252D | N255T | I257K | G258E | Q260H | E261Q | E262A | M263L | N265T"
"Node168 to Node169","D9E | K15R | K42R | E49D | N97S | C98S | N99K | R100G | E101K | E102D | K127M | H145N | M158V | G160S | T162I | A167Q | S180A | K185T | V197I | I202L | T216S | K224S | E229P | R230C | Q240E | R243K | Q247S | N249D | S251T | Q261E | A262Q"
"Node169 to Node170","P87V | H88N | N106D"
"Node170 to Node171","E6P | K34R | T35P | A56S | N65R | V87P | N88H | K99A | G100S | D106N | S119D | S160Y | Q167E | P236Q | E240D | L241M | T251Q | K257S | E261K | Q262W"
"Node172 to Node173","N33D | P35Q | T265S"
"Node173 to Node174","T8S | D33N | Q35P | P87T | H88N | S98T | D119H | C230S | D240E | K243M | S265T"
"Node174 to Node175","P6E | S8T | E9D | R15K | R34K | P35T | R42K | D49E | S56A | R65N | T87P | N88H | S97N | T98C | A99N | S100R | K101E | D102E | L103V | T109V | H119S | S126K | M127K | N145H | V158M | Y160G | I162T | E167A | A180S | T185K | I197V | L202I | S216T | S224K | P229E | S230R | Q236P | E240Q | M241L | M243R | S247Q | D249N | Q251S | S257K | K261Q | W262A"
"Node175 to Node176","E2K | A11T | K34L | E44D | N97E | M111L | V117I | A118S | S122E | T216S | M221L | E237K | Q240E | K244A | S251A | T255S | K257A | L263F | N264E"
"Node176 to Node177","I5M | I82V | R230Q"
"Node177 to Node178","N106T | H166R | E240Q"
"Node178 to Node179","K30R | H88R | K126R | A244S | I259T"
"Node179 to Node180","E26V | R30K | R75L | F85Y | R88H | T106N | R126K | L146V | R166H | K185T | E220D | Q240E | S244A | N249S | A251S | T259I"
"Node180 to Node181","S251M"
"Node181 to Node182","I61V"
"Node182 to Node183","N99D"
"Node183 to Node184","M251L"
"Node185 to Node186","I259T"
"Node187 to Node188","A56S"
"Node188 to Node189","V28L"
"Node189 to Node190","D99N | N106S | K237T | S255A | A257S"
"Node190 to Node191","N99D | S106N | T237K | A255S | S257A | T259I"
"Node191 to Node192","L28V | I259T"
"Node193 to Node194","S56A | T259I"
"Node194 to Node195","A56S | E101Q | P250S"
"Node195 to Node196","S56A | V61I | D99N | Q101E | S250P | L251S | I259T"
"Node196 to Node197","H88Y | N106S"
"Node197 to Node198","Q247K"
"Node199 to Node200","S249T | S251P"
"Node200 to Node201","T249N"
"Node201 to Node202","D252E"
"Node202 to Node203","A56S | S106T | N249S | P251L | E252D"
"Node203 to Node204","S56A | T106S | L251S"
"Node204 to Node205","N33S"
"Node205 to Node206","S106T | S251A"
"Node206 to Node207","N99S"
"Node207 to Node208","S33N | Y88F | S99N | T106S | K126R | K247Q | A251S"
"Node208 to Node209","S106T | S249N | A257S"
"Node209 to Node210","P87H"
"Node211 to Node212","M5I | V26E | L75R | V82I | Y85F | H87T | F88H | T106N | R126K | V146L | T185K | D220E | Q230R | P236E | S251A | S257A | T259I"
"Node212 to Node213","G225D"
"Node214 to Node215","E229D | D252E"
"Node215 to Node216","Q247R"
"Node216 to Node217","I5M"
"Node217 to Node218","N33S | R247K"
"Node219 to Node220","N249T"
"Node220 to Node221","S33N | V48L | K126R | E220D | D225E | K237E"
"Node221 to Node222","H166R"
"Node222 to Node223","V28M | R166H"
"Node223 to Node224","E97D"
"Node225 to Node226","M28V | N33S | L48V | D97E | R126K | M207L | D220E | E225D | E237K | T249N"
"Node226 to Node227","S33N | L207M | K247R"
"Node227 to Node228","I259T"
"Node229 to Node230","E101Q"
"Node230 to Node231","Q101E"
"Node231 to Node232","A251Q"
"Node232 to Node233","K126R | R247K | Q251A"
"Node235 to Node236","N33S"
"Node237 to Node238","E240Q"
"Node239 to Node240","S33N | Q240E | R243K"
"Node242 to Node243","M5I | E97D | R126K | D229E | K243R | E252D | T259I"
"Node243 to Node244","R100K | E220D | A251G | E258D | Q261R | E264D"
"Node244 to Node245","I259V"
"Node245 to Node246","V259I"
"Node246 to Node247","H88Y | D97E | K100R | E101Q | D220E | K247Q | G251S | D258E | R261Q | D264E"
"Node247 to Node248","S251L"
"Node248 to Node249","I61V | N106T | Y112H"
"Node249 to Node250","E97D"
"Node251 to Node252","I5M"
"Node252 to Node253","M5I | D252E"
"Node253 to Node254","A244E"
"Node254 to Node255","T87S | Y88C | E252D"
"Node255 to Node256","A56S | S87T | C88Y | E244A"
"Node256 to Node257","S56A | V61I | D97E | T106N | H112Y | A262T | E264D | T265D"
"Node257 to Node258","L251S | T262A | D264E | D265T"
"Node258 to Node259","I5M"
"Node259 to Node260","N33S"
"Node263 to Node264","M5I | S33N | N249S"
"Node264 to Node265","E97D"
"Node267 to Node268","D97E"
"Node272 to Node273","N33S"
"Node274 to Node275","K2E | E6P | T8M | K13G | H14Q | E26K | G27A | V28E | W29Y | S33N | L34K | T45A | M46T | E47D | A56D | V57M | E60Q | L70I | P77S | F79I | F85Y | T87P | Y88H | E97N | C98S | R100K | Q101A | E102D | V103L | N106P | V108T | V109T | I117V | S118A | S119A | E122S | K126S | K127R | V147I | S155A | L157S | T159Q | G160N | T162Y | T164K | S180A | I188T | V197I | L199M | I213H | E220S | K224Q | D225G | E236D | K237P | V238A | E240Q | R243L | A244K | S249N | S251A | S255T | A257Q | E258A | Q261H | A262R | F263L | E264N"
"Node275 to Node276","T11F | N33G | K34V | A45Q | Q68K | H88L | D93E | N97Q | S98A | N99D | T115S | A167S | A177S | S216N | L222I | R230C | K244D | A258S | H260C | N264D"
"Node276 to Node277","D44S | P64D | I82V | A119S | S122K | S220G | P250A | S258V | T265H"
"Node277 to Node278","P6E | M8T | F11V | G13K | Q14H | E23D | K26E | E28V | Y29W | K31R | G33N | V34M | S44D | Q45T | T46M | D47A | V48L | E49K | E50D | K53E | D56A | M57I | Q60E | I61M | D64P | K68Q | I70L | S77P | I79F | V82I | Y85F | P87S | L88H | E93D | Q97N | A98C | D99N | K100R | A101E | D102E | L103I | -105S | P106N | T108V | T109V | L111M | S115T | V117I | A120G | K122S | I147V | S157L | Q159R | N160D | Y162T | K164T | S167A | S177A | A180G | I197V | M199L | H213V | N216T | Q217D | G220H | L221M | I222L | Q224K | E232P | D236P | P237K | A238V | Q240E | L243R | D244Q | A250P | A251N | Q257K | V258E | C260H | R262A | D264E | H265N"
"Node278 to Node279","E6D | N128S | V197I"
"Node279 to Node280","K15R | V28I | S87A | S105- | N106T | S126A | N144S | K224S | N249D | K257Q | A262T"
"Node280 to Node281","N99S | G120A | E143D | P236A | K237R | D249E | H261N"
"Node281 to Node282","D6E | A56S | A87Q | Y94F | N97S | C98T | S99T | E101D | E102S | T106N | V108I | V109I | Y112H | A118S | A126S | S128C | S144G | D214E | P232A | V238I | E240D | R243K | Q244E | D252E | Q257K | E258D | N261E | T262I"
"Node282 to Node283","A236S | Q247L"
"Node283 to Node284","E6D | I28L | M34L | S56A | L70I | Q87A | D93E | F94Y | S97N | T98C | T99S | D101E | S102E | N106T | I108V | I109V | H112Y | S118A | S126A | C128S | G144S | E214D | A232P | S236A | I238V | D240E | K243R | E244Q | L247Q | P250T | N251T | E252D | K257Q | D258E | E261N | I262T"
"Node284 to Node285","R15K | L28V | L34M | I70L | A87S | H88R | E93D | C98G | S99N | E102Q | -105S | T106N | A120G | A126S | D143E | S144N | S224K | A236P | R237K | E249N | T250P | T251N | Q257K | N261H | T262A"
"Node285 to Node286","D6N | R88K | S105- | V238I"
"Node286 to Node287","N97T"
"Node287 to Node288","G98A | E101D | M113I | S128N | M207V | V213I | D214E | M221K | G225N | E240Q | R243C | Q244T | Q247R | A262S"
"Node288 to Node289","A98G | D101E | Q102H | I113M | N128S | V207M | I213V | E214D | K221M | N225G | Q240E | C243R | T244Q | R247Q | N249K | S262A"
"Node289 to Node290","K13R | G120A | D252E"
"Node290 to Node291","K30M | E53A | R100K | V109A | R127H | G142A | K185I | C230I | K257R | A262S"
"Node291 to Node292","M30K | A53E | T97Q | K100R | H102N | A109V | H127R | S128M | A142G | I185K | I197V | E229D | I230C | K237N | E240Q | R243K | K249A | T255S | R257K | S262A"
"Node292 to Node293","Q97N | R100K | N102Q | A120G | M128S | V197I | D229E | N237K | Q240E | K243R | A249N | E252D | S255T"
"Node293 to Node294","N251G | K257Q"
"Node294 to Node295","M113I | T255S"
"Node295 to Node296","D9A | R13K | N33T | A56S | L70I | K88R | I197V | Q244A | P250T | G251H | Q257E | E258G | N265H"
"Node296 to Node297","A9D | K13R | T33N | S56A | I70L | R88K | N97H | I113M | S128C | V197I | A244Q | T250P | H251G | S255T | E257Q | G258E | H265N"
"Node297 to Node298","M34K | A56S | H97L | E143D | D217E | N249E"
"Node298 to Node299","E240D"
"Node299 to Node300","K34M | S56A | L97H | D143E | E217D | D240E | E249V | D252E"
"Node300 to Node301","M113I"
"Node302 to Node303","M34R | G98A | E101D | G225N | G251N | H261N"
"Node303 to Node304","R34M | H97N | A98G | D101H | I113M | C128S | N225G | V249N | P250A | E252D | Q257K | N261H | A262S"
"Node304 to Node305","P64R | G98E | Y112H | S128N | I238V | N249S | N251S"
"Node305 to Node306","N99S"
"Node307 to Node308","L70I"
"Node309 to Node310","I70L | D252E"
"Node311 to Node312","S251V"
"Node313 to Node314","N6D | R13K | V28A | E43D | K62R | R64P | K88R | E98G | S99N | K100R | H101E | N106D | H112Y | N128S | K185T | T216A | K237A | Q244R | S249N | A250P | V251A | E252D | K257R | S262E | N265H"
"Node314 to Node315","E2R | D6E | D9E | V11A | K15R | A28V | M34K | D43E | R62K | I82V | S87T | R88H | Y94F | N97G | G98S | R100K | Q102E | -105S | D106G | A107P | V108T | S122A | S126A | S128M | R159K | T185R | I197V | I202L | A216T | D217E | M221L | K224R | C230R | P232A | P236A | A237N | E240Q | R243L | N249D | A251K | R257K | H261Y | E262A | H265N"
"Node315 to Node316","I103L"
"Node316 to Node317","A126E"
"Node317 to Node318","R127K | A232Q | V238I | A262S"
"Node318 to Node319","A56G | E60A | E102D | V109I | G120A | M128L | N144S | Y183F | N237H | L243M | K257A | H260V | Y261Q"
"Node319 to Node320","L103I | E143D | E258D | Q261L"
"Node320 to Node321","R2K | G56A | A60E | H88Q | D102E | I103L | I109V | A120G | K127R | L128M | D143E | S144N | F183Y | Q232A | H237N | I238V | M243L | D249E | A257K | D258E | V260H | L261Y | S262A"
"Node321 to Node322","E217D | A232S | K257R | E258D | Y261F"
"Node322 to Node323","K2R | V28I | A56C | Q88H | N99T | E101D | L103I | E126A | D214E | D217E | E229D | S232A | Q240E | L243M | E249D | R257K | D258E | F261N | A262S | N265H"
"Node323 to Node324","I28V | C56A | F94Y | T99N | K100R | D101E | M128N | N144A | H145N | E214D | D229E | A232P | C234T | N237D | V238I | E240T | M243L | R244K | N261Y | S262V | H265N"
"Node324 to Node325","R2K | T87A | H88Q | G97S | R100K | E102D | G120A | N128S | Y205F | R224K | A236P | D237E | Y239H | Y261F | V262L"
"Node325 to Node326","D1G | K2A | E6N | R7P | T8K | E9D | I10L | A11T | M12F | K13L | H14K | R15E | G18N | Y21F | D23V | Y25K | E26H | A27G | V28K | K30R | R31G | Y32Q | N33H | T35D | V38I | T40M | L41I | D44G | T45S | A47S | L48E | K49D | L52I | A56K | I57V | K59M | E60K | M61L | K62S | N65K | L70Y | R75K | E76Q | P77R | F79I | Y80F | Q88N | N90C | D93N | S97K | S98H | N99R | D102R | I103L | -104S | G106Q | V109Q | M111L | Y112E | A114C | T115K | Q116D | I117V | A118C | S119E | A126S | R127H | S128Q | I130L | G142D | A144S | N145G | L146T | A150S | A155S | L157Y | M158V | K159L | T162E | A165S | H166S | A169S | I173V | K174R | T176S | A177P | G180V | A182N | N184S | T188S | L199M | L202V | A203F | F205L | M207K | S208M | P211E | G212R | V213F | D214S | L215N | T216A | Y219V | H220E | L221H | L222V | E223T | Y226Q | M228L | E229Y | P232Q | G233L | T234A | P235T | P236E | E237R | I238V | H239Y | T240S | L241I | L243Y | K244S | Q247H | W248E | D249K | K251E | T255S | K257S | E258S | I259L | H260L | F261S | L262N | L263I | E264Q | N265E"
"Node326 to Node327","K8V | K14R | N18D | H33Y | D35E | K56E | V57T | S62T | F80Y | A87S | N93D | H98Q | R99G | K100R | Q106S | P107S | T108L | C114S | S144A | A167Q | Y183F | S184C | V202I | T204S | M208T | E217D | V222I | T223I | K224Q | Q226R | L233Q | R237H | S240N | H247E | P250A | D252N | S255A"
"Node327 to Node328","E53D | T62N | R96K | Q98Y | R102K | H127Y | Q128K | E248D"
"Node328 to Node329","D18N | N62K | P64A | K128R | C184A | I202M | T235S | H237N | A255S | S258L"
"Node329 to Node330","A2S | V8K | R14K | Y33H | E35D | D53E | E56K | T57V | K62S | A64P | Y80F | S87A | D93N | K96R | K97E | Y98T | G99R | R100K | E101Q | K102R | L103P | S106Q | S107P | L108T | Q109E | S114C | A122E | Y127Q | R128Q | E143D | A144C | Q167A | F183Y | A184S | R185K | M202V | F203Y | S204T | T208M | A216S | D217E | E220D | I222V | I223T | Q224K | R226Q | Q233L | S235T | N237R | N240S | E247H | D248E | A250P | N252E | L258V"
"Node330 to Node331","N6D | P64E | N182L | S214N | Q226L | S257R | E265D"
"Node331 to Node332","S2V | K8R | D9H | H26Y | R30Q | S62R | K65N | M86L | A87S | R99L | Q106H | T108I | E109Q | C118S | A120G | L130I | S150T | S184C | S216T | V218I | H221K | K224A | T235N | Y243Q | S255T | R257Q | V258E | L260V"
"Node332 to Node333","F80Y | E122A | F129Y | C144N | V192I | V202I | T223S"
"Node333 to Node334","L13I | R102N | D143S | F213L | A224S | Q243T"
"Node334 to Node335","H106S | I202V | V238I | E258D | S261M | N262T"
"Node335 to Node336","N102H | K207R"
"Node336 to Node337","N93T | T98D | D220E | M261V"
"Node337 to Node338","E236D | E251D"
"Node338 to Node339","K100Q | P107A | L226Y | V261M"
"Node339 to Node340","H9Q | Q32R | T164M | L233M | T262I"
"Node340 to Node341","Q9H | R32Q | D98G | Q100K | S106T | A107P | M164T | F195Y | K221Q | S224R | Y226L | M233L | I238V | P250A | D258E | M261V | I262T | I263V"
"Node341 to Node342","V57I | P107S | Q127K | M208L"
"Node342 to Node343","S104- | R237K | V260A | V261L"
"Node343 to Node344","I57V | T93S | -104S | S107P | S118T | K127Q | S143T | L208M | K237R | S240T | H247L | A260V | L261V"
"Node344 to Node345","S104- | T106S | V147I | T216N | L226H | V260S"
"Node345 to Node346","S93T | G98D | K100N | -104S | Q109L | T118S | T143S | I147V | Y195F | N216T | Q221K | R224S | H226L | D236E | V238I | T240S | S244T | L247H | E248D | A250P | D251E | E258D | S260V | V263I"
"Node346 to Node347","K14R | E220D | R237P"
"Node347 to Node348","S143G | K185R | E217D | D220N | T244S"
"Node348 to Node349","R14K | G143S | R185K | D217E | N220E | P237R | S244T"
"Node349 to Node350","S224G | V261G"
"Node350 to Node351","I13M | T93N | E97D | D98T | N100K | H102N | S106T | P107S | L109Q | V147I | R207K | E220D | G224S | S240G | T244S | D248E | G261M | Q264E"
"Node351 to Node352","N18S | E53A | N93D | T98S | D220E | E236D | I263V"
"Node352 to Node353","E220Q"
"Node353 to Node354","V2L | R8H | W29L | H33Q | C184S | G240A"
"Node354 to Node355","L2V | H8R | L29W | Q33H | S184C | R212L | A240G"
"Node355 to Node356","M13I | S18C | A53E | D93N | D97E | S98T | T106H | S107P | I147V | I192V | V202I | L212R | Q220D | D236E | I238V | G240S | D258E | M261S | T262N | V263I | E264Q"
"Node356 to Node357","F12C | Q32R | R62Q | E64T | L99I | I130L | D220Q | T243A | S244A | H247N | E252D"
"Node357 to Node358","C12F | R32Q | Q62R | T64E | I99L | Y129F | L130I | S143A | V147I | F195Y | Q220D | A243S | A244S | N247R | D252E | I263V"
"Node358 to Node359","R8T | E64Q | N93T | H106T | Q109H | S118T | D142A | S169T | V192I | T216S | S224T | S244T | P250A"
"Node359 to Node360","V2S | T8K | H9D | I13L | C18N | Y26H | Q30R | E53D | K60N | R62S | Q64E | N65K | Y80F | L86M | S87A | T93N | L99R | N102R | T106Q | I108T | H109E | T118C | G120A | A122E | I130L | A142D | A143E | N144S | I147V | T150S | A167V | T169S | C184S | I192V | Y195F | I202V | L213F | I218T | V219A | K221H | S223T | T224K | N235T | S240A | S243Y | T244S | R247H | A250P | T255S | Q257R | E258V | V260L | V263I | Q264L"
"Node360 to Node361","H26Y | H33Y | D50E | V82I | F85Y | K100R | P103F | T108S | Q127K | D142N | E251D | S255T"
"Node361 to Node362","D53E | K65N | A87S | F103I | Q106P | E119A | E122T | S144N | V167L | Y203F | T218V | V222I | T255S | V258I | L260H | D265E"
"Node362 to Node363","N18D | Y33H | D35E | V57C | N60K | M86L | N93S | T98A | R100G | Q101E | I103V | P106A | P107Q | S108G | E109D | E112S | K115S | N142A | N144D | V218I | H221Q | L226V | A240S | I241V | Y243C | H247A | E252D | S255A | N262A"
"Node363 to Node364","A98L | S104- | A219V | T223M | P250A | I258T"
"Node364 to Node365","E53D | M223I | C243G | A262T"
"Node365 to Node366","E64Q | N214S | V241I"
"Node366 to Node367","R96K | E97D | A106S | F129Y | E143A | S184C | K185R | S216N | K224R | E236D"
"Node367 to Node368","D53E | Q64E | D97E | S106A | Y129F | A143E | C184S | R185K | L205F | S214N | N216S | I223M | R224K | D236E | I241V | G243S | T262A"
"Node368 to Node369","D18N | I41V | G100S | A106N | T122S | S240N | S243L | H260Q | S261G"
"Node369 to Node370","S93T | L98F | V103L | A194S"
"Node370 to Node371","E53N | D220E | D251E | T258I"
"Node371 to Node372","H33Y | E35D | V41I | N53D | C57V | K60N | N65K | L86M | S87A | T93N | K96R | F98T | S100R | E101Q | L103F | -104S | N106Q | Q107P | G108S | D109E | S112E | S115K | A119E | S122E | A142N | D144S | L167V | S194A | F203Y | F205L | I218T | V219A | E220D | Q221H | I222V | M223T | V226L | T235S | N240A | V241I | L243Y | A247H | A250P | E251D | D252E | A255T | I258V | Q260L | G261S | A262N | E265D"
"Node372 to Node373","N18T | K42R | E143D | S144Q | T146I | T204S | D220E | P250A"
"Node373 to Node374","N93T | V167M | A219T | K224Q | D251E | S261G"
"Node374 to Node375","N88K | V238I"
"Node375 to Node376","Y26H"
"Node376 to Node377","S2A | R30K | R42K | E50A | Y70F | Q76E | F80L | I82V | M86L | E97D | Q101E | R102S | P107S | S108T | D143E | I146V | E162D | T164I | V192I | S204T | Q224K | I238V | R257Q"
"Node377 to Node378","I38V | A87S | S107A | N142S | N214S | N262H"
"Node378 to Node379","A2S | K30R | V38I | K42R | A50E | D53E | F70Y | E76Q | L80F | V82I | L86M | S87A | T93S | D97E | R100G | S102R | A107P | T108S | S142N | E143D | V146I | D162E | I164T | I192V | T204S | S214N | E220D | K224Q | V238I | Q257R | H262N"
"Node379 to Node380","H26Y | E53D | K88N | S93T | G100R | E101Q | A194S | D220E | T223I | L233Q | I238V"
"Node380 to Node381","D35N | T93N | Y94F | Q101E | S108A | R257S | V258A | N262S"
"Node381 to Node382","R100Q | Q233A | A240T | A250P | S257T"
"Node382 to Node383","N35D | D53E | F94Y | Q100H | P107T | A108Q | E109Q | I146V | M167V | L182M | V192I | S194A | N214S | T219A | V222I | I223A | Q224K | A233L | T240A | P250A | E251D | T257K | A258I | G261S | S262N"
"Node383 to Node384","T98M | V202I"
"Node384 to Node385","S214T | Q232H | A240T"
"Node385 to Node386","R42K | K224Q"
"Node386 to Node387","S2K | D6N | K8S | D9E | L13M | T18S | K25R | Y26L | Y33H | K34H | D35K | K42R | S45A | D49E | E50D | N60K | E64P | K75Q | F80Y | I82V | Y85F | A87E | N88H | E97Q | M98R | H100G | F103L | T107K | Q108E | Q109M | E112S | K115Q | A120G | E122A | S126Q | K127N | Q128N | L130I | N142G | D143E | Q144S | G145H | L154M | S155T | E162Q | V167S | S169A | R174K | L181F | M182H | I192V | A194S | I202V | Y203F | S204T | L205E | R212N | F213R | T214S | S216A | T218V | A219V | H221E | A223S | L226Y | H232K | E236N | R237S | T240E | A250P | D251E | E252D | T255S | K257S | I258E | S261H | N262M | L264N | D265E"
"Node387 to Node388","G1E | G31A | M40A | N128G | G142S | Y210F | R213K | D252G"
"Node388 to Node389","S47Y | R102Q | E220Q | E221M | Y243M | S244Q | S255T | E265Q"
"Node389 to Node390","Q106H | H145L | H182N | K213N | A216H | I222V | Y226H | Q244M"
"Node390 to Node391","S142N"
"Node391 to Node392","Q102H | L103F | H106S | E108D | A122E | S237N"
"Node392 to Node393","F21Y | D108E | S184C | F186Y | L260C"
"Node393 to Node394","E1D | R77K | L95I | K107Q | E108G | L111I | C118S | Q126K | Y183F | S214P | L233Q | S235P | N236P | G252E | T255S | S257Y | L259I | Q265E"
"Node394 to Node395","H102N | M113I | E143D | Q220T | M243K | C260S | H261I"
"Node395 to Node396","H34K | H88L | Q107T | M109T | T155A | Q233K | E240D | K243Q | M244L | Y257S | E258Q | I261V | N264K"
"Node396 to Node397","D1E | I111L | N212Q | T220M | P235T | V238I | E265D"
"Node397 to Node398","N102S | G108E | A169V | S257A"
"Node398 to Node399","E43Q | K56R | S104- | P214Q | S223M | D240N"
"Node399 to Node400","E9D | Q43E | R56K | K77R | S167C | Q214P | M223S | N240D | S255T | K264R"
"Node400 to Node401","C114S"
"Node401 to Node402","S112G | K207R | P214A | E252D"
"Node402 to Node403","S114T | C167V | V169I"
"Node403 to Node404","K126S | M262L"
"Node404 to Node405","T109A | G112S | T114C | Y123H | S126K | V167C | I169V | K185R | R207K | A214P | D252E | L262M"
"Node405 to Node406","E1D | D9E | R77K | Y94F | S102N | -104S | E108G | A109T | L111I | H123Y | L145M | C167S | V169A | R185K | Q212N | M220T | T235P | I238V | T255S | A257S | R264K | D265E"
"Node406 to Node407","E9D | K34H | L88H | F94Y | T107Q | T109M | M145L | A155T | K233Q | D240E | Q243K | L244M | P250A | S257Y | Q258E | V261I | K264N"
"Node407 to Node408","D1E | D9E | Q20L | Y21F | H33Y | S62T | K77R | I95L | N102H | Q107K | G108D | M109I | I111L | S112T | I113M | S118C | K126Q | G128S | D143E | L145G | F183Y | C184S | Y186F | N212T | P214T | H216Y | Q233L | P235S | P236N | K243M | A250P | E252G | S255T | Y257S | E258D | I259L | S260L | I261H | E265Q"
"Node408 to Node409","E1D | Y47S | H102Q | E122N | N264G"
"Node409 to Node410","S106N | K107S | T112S | S128N | S144A | N213Y | T214S | S223T | H226E | S235T | N237R | V238I | M244A | T255K | M262A"
"Node410 to Node411","H34K | R99H | E143D | S167C | Y216V | T220E | Q224R | E240T | S257Y | H261L"
"Node411 to Node412","N236K | I241V"
"Node412 to Node413","N106S"
"Node413 to Node414","L20V | H88Q | R98K | H99N | I109L | Q126E | E220D | Y257C"
"Node414 to Node415","V20L | Q75E | Q88H | K98R | N99H | S106N | S107A | L109I | E126Q | A144L | D220E | K232R | K236N | V241I | C257Y"
"Node415 to Node416","K34H | E75Q | Q76G | H99R | N106H | A107K | S112T | N128S | D143E | L144S | T155A | C167S | Y213N | S214T | V216F | E220T | T223S | R224Q | E226H | R232K | T235S | R237T | I238V | T240Q | A244M | K255T | Y257D | L261H | A262M"
"Node416 to Node417","D1E | K14R | S47Y | G76Q | Q102H | H106S | N122E | Q126R | A155T | S176C | K185R | F216Y | N236K | T237N | Q240D | I241V | D257E | G264D | Q265E"
"Node417 to Node418","S8A | S106T | I109N | V222I | Y229F | E257Q | E265A"
"Node418 to Node419","H247Q | H261Q"
"Node419 to Node420","A8S | T106S | N109I | T212K | I222V | F229Y | Q247H | Q257E | Q261H | M262T | A265E"
"Node420 to Node421","R98K | S235C | H247Q"
"Node421 to Node422","H102L | E143D | F203Y | N213S | T214S | N237L | G252A | D264I | E265D"
"Node422 to Node423","Y47C | K98R | R99H | L102H | K107R | T112S | D143E | T155A | Y203F | K207R | S213N | S214T | Q224R | C235S | K236R | L237Y | D240E | M243L | M244R | Q247H | A252G | T255S | I264D | D265E"
"Node423 to Node424","H34K | Y94F"
"Node424 to Node425","R77K | H88R | H99Q | I109V | S144A | S223T | R230Q | R236Q | H247Q | H261R"
"Node425 to Node426","E1D | R14K | L20Q | Y33H | K34H | C47Y | V57I | T62S | R88L | F94Y | Q99R | H102Q | F103L | S106Q | R107K | D108E | V109M | E119D | E122A | R126T | S128G | N142S | A144S | G145H | A155T | A169T | C176S | F181L | N182H | R185K | F203Y | R207K | K212T | N213K | T214S | Y216A | T220Q | M221L | V222I | T223S | R224S | H226F | Q230R | L233Q | Q236N | Y237A | V241I | L243T | R244Q | Q247H | S255T | E257C | D258E | R261L | T262M | D264N | E265Q"
"Node426 to Node427","G44D | Q106N | K107N | A122S | T126A | T204N | S214T | Q220E | L221F | N236K | P250A | C257S"
"Node427 to Node428","Y47C | D119E | G128R | T169A | E205D | T243N | T255C | Q265E"
"Node428 to Node429","D1E | D44G | C47S | I57V | K77R | L88N | Q102R | N106Q | N107K | S122A | A126Q | R128G | S144K | L181F | Y203F | N204T | D205E | T212N | T214S | F221E | S224Q | F226Y | Q233L | K236Q | A237T | N243Y | Q244S | A250P | C255S | L261H"
"Node429 to Node430","Q32L | H33C | R42N | Q106T | A122E | S184N | F186Y | A216P | K232H | I241V | S257A | H261Q | M262T"
"Node430 to Node431","N6H | Q126K | K144T | Y183F | N264T"
"Node431 to Node432","L16I | R25H | C33V | T74I | R77K | I79L | R99K | T106R | Q162E | T164I | Q224K | Y226F | T237S | E265D"
"Node432 to Node433","A31T | H34K | E49D | Q75K | E87V | R96Q | E108G | M109L | K126R | S142N | T144K | H145Q | V146I | S167L | V173I | N184R | N212R | K213R | P216S | L233Q | S237A | E258A | L260Y"
"Node433 to Node434","H6D | M13I | T31A | L32H | V33I | K34H | K35Q | D49E | K65R | K75Q | V87E | Q96R | G108E | L109M | R126K | G128S | N142S | E143S | K144T | Q145C | I146V | V149I | L167S | I173V | R184N | R212N | R213K | S216L | E217Q | E221A | Q233L | S235P | Q236M | A237S | E251K | S255T | A258E | Y260L | I263L"
"Node434 to Node435","T11A | K28Q | H34K | A45S | P64S | Q76R | Q97E | R102K | V117I | S128C | T262V | D265E"
"Node435 to Node436","E122A | V173I | V238I"
"Node436 to Node437","A11T | I16V | S18K | Q28K | A31S | S45A | E49D | S64P | R76Q | C90S | N93H | E97Q | K99Q | K102R | R106G | I117V | A122E | C128S | I173V | P177A | V197I | E211A | N212K | K213E | S237T | I238V | K251E | L260T | V262T | E265D"
"Node437 to Node438","D6N | I13M | V16L | K18S | H25R | S31A | H32L | I33C | K34H | Q35K | D49E | R65K | I74T | K77R | L79I | S90C | H93N | G106T | K126Q | S128G | S143E | T144K | C145H | I149V | E162Q | I164T | A177P | F183Y | I197V | V202I | M208T | A211E | K212N | E213K | L216P | Q217E | E220D | A221E | K224Q | F226Y | P235S | M236Q | T255S | T260L | L263I | T264N | D265E"
"Node438 to Node439","T11S | A40T | M59T | T74M | Y80C | R102C | M109L | S112A | S150C | D161N | T164I | S167T | A169S | K207R | S223T | Y226H | Q261E | T262S | N264K | E265Q"
"Node439 to Node440","A45S | Q75K | C102T | L109C | E240Q | Q265R"
"Node440 to Node441","Q99N | G128N | E143D | D220E | L233K | Q236H | V241L | A257S | S262N | R265Q"
"Node441 to Node442","H34K | L61M | M74L | L103F | E108D | Q126S | E217T | H226Q | H236L | T237Q | Q240E | S255T | Q265R"
"Node442 to Node443","K60R | M61L | S62C | L74M | Y94F | F103L | T106S | D108E | C109W | S126Q | N128S | H145N | I164T | F181L | Y183F | T217E | Q226H | L236H | Q237T | E240Q | S244K | K249R | E251Q | T255S | R265Q"
"Node443 to Node444","V117A"
"Node444 to Node445","S188N | H236L"
"Node445 to Node446","T40I | K107R | N188S | H232Y | L236H"
"Node446 to Node447","F12V | S104- | N127S | S128G | H226N"
"Node447 to Node448","S11T | V12F | L32K | C33H | K34H | I40T | I41V | N42Y | S45A | T59M | C62S | K65N | M74T | K75Q | C80Y | F94Y | N99Q | T102R | -104S | S106Q | R107K | E108D | W109A | A112S | M113I | Q115E | A117V | E122A | S127N | G128H | D143E | C150S | N161D | Q162E | L181F | N184S | Y186F | I202V | T208M | P216A | E220D | T223S | Q224R | N226E | Y232S | K233L | H236P | L241I | K244S | R249K | Q251D | S257H | E261D | N262L | K264N | Q265E"
"Node448 to Node449","P7T | K32T | Y42F | A45S | R77K | Y80C | Q106H | S112G | Q126R | E143D | T155A | T237V"
"Node449 to Node450","E1G | T7P | K14Q | L16I | R25H | K28Y | A31G | T32Q | T40M | V41I | F42R | S45A | K56Q | R60K | N65K | K77S | C80Y | I81L | T83F | N88H | L92S | N93D | Q97N | R98H | Q99R | R102S | L103F | H106S | D108E | A109T | I113M | E115Q | R126Q | H128N | S142G | D143E | K144S | N145Q | A155T | Y157F | E162Q | T167S | S169T | P177A | H182R | F183Y | T204S | R207K | F210Y | K213R | D220E | R224A | E226L | R230K | S232K | P236N | V237S | V238I | I241L | Y243N | S244H | K249R | D251E | G252D | H257A | D261H | L262E | I263L | N264S"
"Node450 to Node451","M13V | Q32K | H33T | S77A | N127A | S167T | F186Y | H247K"
"Node451 to Node452","V13I | Q126S | A216G | E221D | S237L | N243D | H244W | E258V"
"Node452 to Node453","Y229L | N236D"
"Node453 to Node454","N6E | I16V | K32N | I52K | I79M | K107R | Q115L | S144N | T167L | T169S | F181I | R182H | Y186F | S214T | D221A | D243E | A257T | V258I | L260F | S264A"
"Node454 to Node455","G31N | N32V | T33N | M59T | Y80C | H88N | N97S | H98Q | S104- | F203Y | S204N | I222L | I258L"
"Node455 to Node456","G1D | I5V | E6D | F12L | I13A | Q14E | H25L | N31D | I38V | I41V | D50E | S97G | S102T | F103L | G142S | K207R | K232R | S235P | D236E | L237A | I238V | R249K | T257A | E265S"
"Node456 to Node457","S8G | A13G | Q76R | H182Q"
"Node457 to Node458","G8E | T11V | V23L | L26Q | V32R | A77S | M79I | Q98R | R107Q | C118S | A127S | Q145N | L167Q | Q182K | N204S | M208L | F260L"
"Node458 to Node459","D1G | V16L | L23M | Y28H | G97A | T102H | Q107P | E143K | V146E | T155A | G216A | S223N"
"Node459 to Node460","G1D | V5L | L16V | M23L | L25W | H28Y | S92T | A97G | H102T | P107Q | K143E | E146V | A155T | A216G | L226M"
"Node460 to Node461","V11E | G13V | Y28Q | D31G | T59K | Y70L | T74M | S105- | E108D | N145M | V146E | G216Q | A237S | E243Q"
"Node461 to Node462","E11V | V13G | Q28Y | G31D | M40T | K59M | P64S | L70Y | M74T | C80Y | Y94F | R99K | D108E | M145N | E146V | Q167H | L198F | Q216G | A234S | E236Q | S237T | Q243E | S265C"
"Node462 to Node463","L5V | E8G | V11T | L23V | W25L | Q26L | R32V | T40M | M59T | S77A | I79M | Y80C | T92S | F94Y | R98Q | K99R | -105S | Q107R | S118C | S127A | N145Q | H167L | K182Q | F198L | S204N | L208M | N223S | M226L | R232K | S234A | Q236E | T237A | C245S | L260F | E262Q | A264L | C265S"
"Node463 to Node464","V16L | Y28H | V32L | T59M | Q145H | T214S | A257G"
"Node464 to Node465","G8A | E9D | G13D | E14A | D31E | E50D | V82L | N88H | Q98H | T102S | E243D | G257N | S265A"
"Node465 to Node466","Q56R | R76H | A77S | G97S | S102A"
"Node466 to Node467","K2M | A8T | D9E | D13A | A14E | L16V | L25M | H28Y | E31Q | L32V | D50E | R56Q | M59T | K60R | S64P | H76Q | S77A | C80Y | H88N | S97G | H98K | A102T | R107Q | A127T | H145Q | Q182H | S214T | K232R | D243E | S245C | N257A | F260Y | Q262E | L264A | A265T"
"Node467 to Node468","D1G | M2K | V5I | D6N | T8S | L12F | A13V | E14Q | V16I | M25H | R30L | Q31G | V32K | N33T | V38I | V41I | E50D | K52I | T59M | R60K | M79I | Y80C | L82V | N88H | G97N | K98Q | T102S | L103F | -104S | Q107K | L115Q | S126Q | T127A | S142G | N144S | L167T | S169T | I181F | H182R | K185R | F186Y | Y203F | N204S | R207K | M208I | T214S | G216A | A221E | L222I | L229Y | R232K | P235S | E236N | A237S | V238I | E243N | W244H | K249R | L258D | Y260L | H261C | E262Q | A264S | T265E"
"Node468 to Node469","F12L | H25Q | M58V | Y70L | S92Y | N97S | Q126H | R249K"
"Node469 to Node470","I52V | A122E | H126R | S184G | Y210F | A216G"
"Node470 to Node471","N6D | S8T | E9H | V13I | G27A | Y28M | L30Q | K32T | A45M | V58L | C80F | F85Y | Q98H | S102T | S104- | L110A | A127S | Q145L | M199V | I208T | N212H | R213L | E217D | V218A | Y229F | L233M | N236E | S237R | H244S | K247Q | D252S | S255T | A257S | D258Q | L260M | C261R | Q262E | L263I | S264T"
"Node471 to Node472","I38V | F103L | G216S | S252L | S257C | T264M"
"Node472 to Node473","Y183F | R185L | C257H | R261K"
"Node473 to Node474","M28L | A77V | H88Y | Y92F | T167S | K189R | T208I | E221K | Q240K | P250A | E251D"
"Node474 to Node475","L12F | L28T | T33R | V77A | Y88H | F92N | S97R | K107R | R126K | S167T | F183Y | L185R | R189K | V202I | I208T | K221E | R237K | I238V | K240Q | A250P | D251E | H257C | K261R"
"Node475 to Node476","H98N | E108S | K126T | M233L | E265D"
"Node476 to Node477","Q25K | T28S | R33K | L61M | A77M | T109I | S194A | L252M | M264T"
"Node477 to Node478","H9L | K25Q | S28T | K33R | R42K | M61L | L69F | M77P | I79L | Y85F | N92S | N98H | S108E | I109T | T126K | A194S | L233M | S244N | P250A | M252L | C257S | T264M | D265E"
"Node478 to Node479","E4V | D6N | T8S | L9E | I13V | Q25H | A27G | T28Y | Q30L | G31E | T32K | R33T | V38I | M40T | K42R | M45A | V52I | L58M | F69L | L70Y | T74M | P77A | L79I | F80C | R97N | H98Q | T102S | L103F | -104S | R107K | A110L | E122A | K126Q | S127A | N128S | F129V | L145Q | R182S | G184S | V199M | I202V | T208I | F210Y | H212N | L213R | S216A | D217E | A218V | F229Y | M233L | E236N | K237S | V238I | N244H | Q247K | K249R | A250P | L252D | T255S | Q258N | M260L | R261C | E262Q | I263L | M264S"
"Node479 to Node480","T155S | F157Y | S188T | S237A | P250Q | N258T | C261Y"
"Node480 to Node481","V4M | S8Q | V13E | S18V | E31Q | K32Q | T33M | E43T | Y70H | I79M | R96K | N97K | S104- | T109D | S144F | Q145H | T167M | I208M | K232R | A237T | Q240K | N243R | K247S | R249K | E251D"
"Node481 to Node482","Q20E | Y28F | E48Q | A77D | F85Y | H88Y | A127V | V149I | M208T | L233Q | H244N"
"Node482 to Node483","M4V | Q8S | F12L | E13V | V18S | E20Q | F28Y | Q31E | Q32K | M33T | T43E | Q48E | H70Y | M74F | Q75E | D77A | M79I | Y85F | Y88H | K96R | K97N | -104S | D109T | V127D | F144S | H145Q | I149V | M167T | R185N | T208I | S214T | R232K | Q233L | N236K | T237A | K240E | R243S | N244H | S247K | E248A | K249R | Q250K | D251E"
"Node483 to Node484","L12F | V23L | T33N | R42Q | Q56E | F74L | S104- | K107T | D127A | S128C | V147I | S155T | Y157F | S176A | A177S | Y183F | N185R | T188S | T214S | A216T | E221D | K232R | K236P | A237G | E240Q | L241I | S243N | A248E | K250P | T258S | Y261C | S264A"
"Node484 to Node485","E31N | S102L | T107A | Q126E | S144N | A224T | L226F | G237N"
"Node485 to Node486","V4E | N6A | S8T | V13M | Q14E | L23V | L30R | K32Q | N33Y | T40M | Q42R | E56Q | L74T | E75Q | Q76G | A77S | C80Y | F85Y | D93E | Q98N | L102S | -104S | A107K | A122E | E126S | A127N | C128K | V129F | N144S | Q145L | I147V | T167S | A176S | S177A | S182R | F183Y | R185K | Y186F | I208M | T216S | D221E | S223A | T224A | Y229H | R232K | P236N | N237S | Q240K | I241M | N243S | H244C | K247F | S257F | S258E | C261N | Q262E | A264S"
"Node486 to Node487","K2A | P7A | E9A | I16V | L26M | V57I | P64E | E143D | V146I | T169S | N236S | F257Y"
"Node487 to Node488","A6T | S18C | S104- | K107R | E108Q | S126C | V147I | E211D | R213C | V218L | L263I"
